tier,bmi,prob,ci_low,ci_high
Low,18.0,0.31641488840616266,0.23919446626099,0.3936353105513353
Low,18.1356783919598,0.31496895638612993,0.23825683321509716,0.3916810795571627
Low,18.271356783919597,0.3135264883651217,0.2373175946981741,0.3897353820320693
Low,18.407035175879397,0.3120875036694326,0.23637671995861315,0.38779828738025207
Low,18.542713567839197,0.31065202139078113,0.23543417898902538,0.38586986379253685
Low,18.678391959798994,0.3092200603858022,0.23448994256239725,0.3839501782092071
Low,18.814070351758794,0.30779163927557013,0.23354398226891226,0.382039296282228
Low,18.949748743718594,0.3063667764451523,0.2325962705533938,0.3801372823369108
Low,19.08542713567839,0.3049454900431919,0.23164678075333245,0.3782441993330513
Low,19.22110552763819,0.3035277979815207,0.2306954871374512,0.3763601088255902
Low,19.35678391959799,0.3021137179348025,0.22974236494476688,0.3744850709248382
Low,19.492462311557787,0.30070326734020464,0.22878739042408563,0.37261914425632364
Low,19.628140703517587,0.2992964633971004,0.22783054087388294,0.3707623859203179
Low,19.763819095477388,0.2978933230668004,0.2268717946825035,0.36891485145109726
Low,19.899497487437188,0.29649386307231296,0.2259111313686179,0.367076594776008
Low,20.035175879396984,0.29509809989813396,0.22494853162185882,0.3652476681744091
Low,20.170854271356784,0.29370604979006565,0.22398397734357367,0.3634281222365576
Low,20.30653266331658,0.29231772875506473,0.22301745168760084,0.3616180058225286
Low,20.44221105527638,0.2909331525611181,0.222048939100998,0.35981736602123826
Low,20.57788944723618,0.28955233673714853,0.22107842536462952,0.35802624810966754
Low,20.71356783919598,0.2881752965729477,0.22010589763351857,0.35624469551237686
Low,20.849246231155778,0.28680204711913865,0.2191313444768761,0.3544727497614012
Low,20.984924623115578,0.28543260318716474,0.21815475591770145,0.352710450456628
Low,21.12060301507538,0.2840669793493081,0.21717612347185317,0.350957835226763
Low,21.256281407035175,0.28270518993873517,0.2161954401864865,0.3492149396909838
Low,21.391959798994975,0.28134724904956965,0.21521270067774798,0.3474817974213913
Low,21.527638190954775,0.27999317053699335,0.21422790116761484,0.3457584399063719
Low,21.66331658291457,0.2786429680173738,0.21324103951976764,0.34404489651498
Low,21.798994974874372,0.27729665486841903,0.2122521152743821,0.342341194462456
Low,21.934673366834172,0.2759542442293592,0.21126112968172067,0.34064735877699776
Low,22.07035175879397,0.27461574900115543,0.21026808573441258,0.3389634122678983
Low,22.20603015075377,0.27328118184673333,0.2092729881982981,0.3372893754951686
Low,22.34170854271357,0.271950555191245,0.2082758436417259,0.3356252667407641
Low,22.47738693467337,0.2706238812223553,0.20727666046318577,0.33397110198152485
Low,22.613065326633166,0.2693011718905547,0.206275448917159,0.3323268948639504
Low,22.748743718592966,0.267982438909497,0.20527222113807772,0.3306926566809163
Low,22.884422110552762,0.2666676937563638,0.20426699116227964,0.32906839635044793
Low,23.020100502512562,0.26535694767225176,0.20325977494785247,0.32745412039665106
Low,23.155778894472363,0.26405021166258735,0.202250590392263,0.3258498329329117
Low,23.291457286432163,0.2627474964975642,0.20123945734767287,0.32425553564745546
Low,23.42713567839196,0.2614488127126054,0.2002263976338458,0.322671227791365
Low,23.56281407035176,0.2601541706088508,0.19921143504855832,0.3210969061691433
Low,23.698492462311556,0.25886358025366674,0.198194595375429,0.3195325651319045
Low,23.834170854271356,0.2575770514811805,0.19717590638909385,0.31797819657326715
Low,23.969849246231156,0.2562945938928379,0.1961553978576559,0.31643378992801985
Low,24.105527638190956,0.25501621685798376,0.1951331015423487,0.3148993321736188
Low,24.241206030150753,0.2537419295144655,0.19410905119436161,0.3133748078345694
Low,24.376884422110553,0.252471740769259,0.19308328254878165,0.3118601989897363
Low,24.51256281407035,0.25120565929911753,0.19205583331561726,0.3103554852826178
Low,24.64824120603015,0.24994369355124188,0.1910267431678781,0.30886064393460566
Low,24.78391959798995,0.24868585174397295,0.18999605372669476,0.30737564976125115
Low,24.91959798994975,0.24743214186750542,0.18896380854347053,0.3059004751915403
Low,25.055276381909547,0.24618257168462318,0.1879300530790732,0.3044350902901732
Low,25.190954773869347,0.2449371487314552,0.18689483468007412,0.3029794627828363
Low,25.326633165829147,0.24369588031825246,0.1858582025520671,0.3015335580844378
Low,25.462311557788944,0.24245877353018552,0.18482020773009375,0.30009733933027727
Low,25.597989949748744,0.2412258352281616,0.18378090304622716,0.298670767410096
Low,25.733668341708544,0.23999707204966186,0.1827403430943612,0.2972538010049625
Low,25.869346733668344,0.23877249040959855,0.18169858419227755,0.2958463966269196
Low,26.00502512562814,0.2375520965011911,0.18065568434106036,0.2944485086613219
Low,26.14070351758794,0.23633589629686097,0.1796117031819408,0.29306008941178113
Low,26.276381909547737,0.23512389554914598,0.17856670195066954,0.2916810891476224
Low,26.412060301507537,0.2339160997916324,0.17752074342951196,0.2903114561537528
Low,26.547738693467338,0.23271251433990522,0.17647389189697826,0.2889511367828322
Low,26.683417085427138,0.2315131442925169,0.17542621307540462,0.2876000755096292
Low,26.819095477386934,0.23031799453197246,0.1743777740765068,0.28625821498743814
Low,26.954773869346734,0.22912706972573313,0.17332864334503742,0.2849254961064288
Low,27.09045226130653,0.22794037432723613,0.17227889060068108,0.2836018580537912
Low,27.22613065326633,0.2267579125769311,0.17122858677832753,0.28228723837553465
Low,27.36180904522613,0.22557968850333335,0.17017780396686516,0.28098157303980154
Low,27.49748743718593,0.22440570592409287,0.1691266153466468,0.27968479650153893
Low,27.63316582914573,0.22323596844707894,0.16807509512577284,0.27839684176838503
Low,27.768844221105528,0.22207047947148023,0.16702331847534724,0.2771176404676132
Low,27.904522613065325,0.2209092421889207,0.1659713614638616,0.2758471229139798
Low,28.040201005025125,0.21975225958458922,0.1649193009908566,0.2745852181783218
Low,28.175879396984925,0.2185995344383846,0.1638672147200203,0.2733318541567489
Low,28.311557788944725,0.21745106932607458,0.16281518101187442,0.27208695764027474
Low,28.447236180904525,0.21630686662046872,0.16176327885619912,0.2708504543847383
Low,28.582914572864322,0.21516692849260502,0.16071158780434985,0.2696222691808602
Low,28.71859296482412,0.21403125691294966,0.15966018790160952,0.2684023259242898
Low,28.85427135678392,0.21289985365261016,0.15860915961972322,0.2671905476854971
Low,28.98994974874372,0.21177272028456084,0.1575585837897514,0.2659868567793703
Low,29.12562814070352,0.21064985818488122,0.15650854153538202,0.2647911748343804
Low,29.26130653266332,0.20953126853400586,0.15545911420682834,0.2636034228611834
Low,29.396984924623116,0.2084169523179868,0.15441038331543958,0.262423521320534
Low,29.532663316582916,0.2073069103297668,0.15336243046914394,0.2612513901903897
Low,29.668341708542712,0.2062011431704646,0.15231533730883978,0.2600869490320894
Low,29.804020100502512,0.20509965125067017,0.15126918544583928,0.25893011705550106
Low,29.939698492462313,0.20400243479175165,0.15022405640046815,0.25778081318303514
Low,30.075376884422113,0.20290949382717158,0.14918003154191758,0.2566389561124256
Low,30.21105527638191,0.2018208282038141,0.1481371920294316,0.2555044643781966
Low,30.34673366834171,0.20073643758332116,0.14709561875491595,0.25437725641172637
Low,30.482412060301506,0.19965632144343867,0.14605539228704018,0.25325725059983717
Low,30.618090452261306,0.19858047907937162,0.1450165928168991,0.25214436534184415
Low,30.753768844221106,0.1975089096051481,0.14397930010529683,0.25103851910499936
Low,30.889447236180906,0.19644161195499185,0.14294359343170357,0.24993963047828013
Low,31.025125628140703,0.19537858488470314,0.1419095515449334,0.24884761822447288
Low,31.160804020100503,0.19431982697304764,0.14087725261558467,0.2477624013305106
Low,31.2964824120603,0.1932653366231532,0.13984677419026995,0.24668389905603647
Low,31.4321608040201,0.1922151120639135,0.13881819314767296,0.24561203098015405
Low,31.5678391959799,0.1911691513513996,0.1377915856564424,0.24454671704635683
Low,31.7035175879397,0.19012745237027776,0.13676702713494557,0.24348787760560994
Low,31.8391959798995,0.1890900128352341,0.13574459221288812,0.2424354334575801
Low,31.974874371859297,0.18805683029240558,0.13472435469480304,0.24138930589000812
Low,32.11055276381909,0.18702790212081685,0.13370638752540942,0.24034941671622428
Low,32.246231155778894,0.18600322553382292,0.13269076275683395,0.2393156883108119
Low,32.381909547738694,0.18498279758055763,0.1316775515176848,0.23828804364343048
Low,32.517587939698494,0.1839666151473866,0.13066682398396084,0.23726640631081236
Low,32.653266331658294,0.1829546749593659,0.12965864935178278,0.23625070056694902
Low,32.78894472361809,0.1819469735817049,0.12865309581191314,0.23524085135149664
Low,32.92462311557789,0.18094350742123352,0.12765023052605187,0.23423678431641518
Low,33.06030150753769,0.17994427272787408,0.12665011960486647,0.2332384258508817
Low,33.19597989949749,0.17894926559611649,0.12565282808773023,0.23224570310450274
Low,33.33165829145729,0.17795848196649722,0.12465841992413376,0.23125854400886067
Low,33.46733668341709,0.176971917627082,0.12366695795673063,0.23027687729743337
Low,33.60301507537689,0.17598956821495088,0.12267850390597773,0.22930063252392402
Low,33.73869346733669,0.1750114292176869,0.12169311835633073,0.22832974007904305
Low,33.87437185929648,0.17403749597486687,0.12071086074395188,0.22736413120578186
Low,34.01005025125628,0.17306776367955473,0.11973178934588327,0.2264037380132262
Low,34.14572864321608,0.17210222737979702,0.1187559612706455,0.22544849348894855
Low,34.28140703517588,0.17114088198011998,0.11778343245021047,0.2244983315100295
Low,34.417085427135675,0.17018372224302866,0.11681425763330579,0.22355318685275155
Low,34.552763819095475,0.16923074279050693,0.11584849037999999,0.22261299520101385
Low,34.688442211055275,0.16828193810551909,0.11488618305752474,0.22167769315351343
Low,34.824120603015075,0.16733730253351223,0.11392738683728362,0.22074721822974083
Low,34.959798994974875,0.16639683028391908,0.11297215169300102,0.21982150887483715
Low,35.095477386934675,0.16546051543166165,0.11202052639996321,0.2189005044633601
Low,35.231155778894475,0.16452835191865486,0.11107255853530548,0.21798414530200425
Low,35.366834170854275,0.16360033355531023,0.11012829447929645,0.217072372631324
Low,35.502512562814076,0.1626764540220394,0.1091877794175756,0.2161651286265032
Low,35.63819095477387,0.16175670687075716,0.10825105734429788,0.21526235639721644
Low,35.77386934673367,0.1608410855263838,0.1073181710661375,0.21436399998663008
Low,35.90954773869347,0.15992958328834683,0.10638916220711299,0.2134700043695807
Low,36.04522613065326,0.15902219333208123,0.10546407121418305,0.2125803154499794
Low,36.18090452261306,0.1581189087105288,0.10454293736357739,0.21169488005748022
Low,36.31658291457286,0.15721972235563567,0.10362579876781607,0.21081364594345525
Low,36.45226130653266,0.15632462707984862,0.10271269238337788,0.20993656177631936
Low,36.58793969849246,0.15543361557760887,0.10180365401898683,0.20906357713623092
Low,36.72361809045226,0.1545466804268443,0.10089871834446223,0.20819464250922637
Low,36.85929648241206,0.1536638140904593,0.09999791890011114,0.20732970928080743
Low,36.99497487437186,0.15278500891782176,0.09910128810661926,0.20646872972902425
Low,37.13065326633166,0.1519102571462481,0.09820885727540733,0.20561165701708883
Low,37.26633165829146,0.15103955090248475,0.0973206566194183,0.2047584451855512
Low,37.402010050251256,0.15017288220418715,0.09643671526430747,0.20390904914406682
Low,37.537688442211056,0.1493102429613952,0.09555706125999716,0.20306342466279323
Low,37.67336683417086,0.1484516249780054,0.09468172159257351,0.2022215283634373
Low,37.80904522613065,0.14759701995323984,0.09381072219649171,0.20138331770998796
Low,37.94472361809045,0.14674641948311062,0.09294408796706138,0.20054875099915986
Low,38.08040201005025,0.14589981506188132,0.09208184277319258,0.19971778735057005
Low,38.21608040201005,0.14505719808352363,0.09122400947036802,0.19889038669667924
Low,38.35175879396985,0.14421855984317036,0.0903706099138217,0.19806650977251902
Low,38.48743718592965,0.14338389153856368,0.08952166497190396,0.1972461181052234
Low,38.62311557788945,0.142553184271499,0.08867719453960365,0.19642917400339432
Low,38.75879396984925,0.14172642904926402,0.08783721755221163,0.19561564054631642
Low,38.89447236180905,0.14090361678607327,0.08700175199910379,0.19480548157304275
Low,39.030150753768844,0.14008473830449708,0.08617081493762672,0.19399866167136742
Low,39.165829145728644,0.13926978433688608,0.08534442250706342,0.19319514616670874
Low,39.301507537688444,0.13845874552678988,0.08452258994266566,0.19239490111091412
Low,39.43718592964824,0.13765161243037077,0.08370533158973611,0.19159789327100543
Low,39.57286432160804,0.13684837551781132,0.082892660917744,0.19080409011787863
Low,39.70854271356784,0.13604902517471704,0.0820845905344617,0.19001345981497236
Low,39.84422110552764,0.13525355170351241,0.08128113220010445,0.18922597120692036
Low,39.97989949748744,0.1344619453248318,0.08048229684146445,0.18844159380819914
Low,40.11557788944724,0.1336741961789033,0.0796880945660282,0.1876602977917784
Low,40.25125628140704,0.1328902943269274,0.07889853467605715,0.18688205397779764
Low,40.38693467336684,0.1321102297524487,0.07811362568263494,0.18610683382226248
Low,40.52261306532664,0.13133399236272134,0.07733337531965778,0.1853346094057849
Low,40.65829145728644,0.13056157199006804,0.07655779055776371,0.18456535342237237
Low,40.79396984924623,0.1297929583932321,0.07578687761819863,0.18379903916826557
Low,40.92964824120603,0.12902814125872306,0.07502064198659822,0.1830356405308479
Low,41.06532663316583,0.12826711020215537,0.07425908842668791,0.18227513197762282
Low,41.201005025125625,0.1275098547695798,0.07350222099389132,0.18151748854526828
Low,41.336683417085425,0.12675636443880808,0.07275004304883846,0.1807626858287777
Low,41.472361809045225,0.12600662862073025,0.0720025572707689,0.1800106999706916
Low,41.608040201005025,0.1252606366606248,0.07125976567082858,0.17926150765042104
Low,41.743718592964825,0.1245183778394613,0.07052166960524617,0.17851508607367644
Low,41.879396984924625,0.12377984137519563,0.06978826978839411,0.17777141296199714
Low,42.015075376884425,0.12304501642405777,0.06905956630572142,0.17703046654239413
Low,42.150753768844226,0.1223138920818318,0.06833555862656401,0.17629222553709958
Low,42.286432160804026,0.12158645738512831,0.06761624561681556,0.17555666915344106
Low,42.42211055276382,0.120862701312649,0.06690162555147226,0.17482377707382574
Low,42.55778894472362,0.12014261278644316,0.06619169612703299,0.17409352944585332
Low,42.69346733668342,0.11942618067315663,0.06548645447376482,0.17336590687254844
Low,42.82914572864321,0.11871339378527243,0.06478589716782247,0.1726408904027224
Low,42.96482412060301,0.11800424088234328,0.06409002024322485,0.1719184615214617
Low,43.10050251256281,0.11729871067221628,0.06339881920368694,0.17119860214074561
Low,43.23618090452261,0.11659679181224895,0.06271228903430133,0.17048129459019656
Low,43.37185929648241,0.11589847291051725,0.06203042421307449,0.16976652160796002
Low,43.50753768844221,0.11520374252701508,0.061353218722311635,0.16905426633171852
Low,43.64321608040201,0.11451258917484566,0.060680666059850404,0.16834451228984093
Low,43.77889447236181,0.11382500132140402,0.06001275925014591,0.16763724339266214
Low,43.91457286432161,0.11314096738955134,0.05934949085520215,0.16693244392390055
Low,44.050251256281406,0.11246047575878057,0.0586908529853538,0.16623009853220733
Low,44.185929648241206,0.1117835147663733,0.058036837309892765,0.16553019222285384
Low,44.321608040201006,0.11111007270854828,0.057387435067548,0.16483271034954855
Low,44.45728643216081,0.11044013784160094,0.056742637076809585,0.1641376386063923
Low,44.5929648241206,0.10977369838303433,0.056102433746103596,0.16344496301996506
Low,44.7286432160804,0.10911074251268102,0.05546681508381541,0.16275466994154664
Low,44.8643216080402,0.10845125837381665,0.054835770708162666,0.16206674603947063
Low,45.0,0.10779523407426403,0.0542092898569199,0.16138117829160817
Mid,18.0,0.32964517415467975,0.25458768323251596,0.40470266507684355
Mid,18.1356783919598,0.32827592601934297,0.2536907476387824,0.4028611043999035
Mid,18.271356783919597,0.32690949633806937,0.252792587825712,0.40102640485042673
Mid,18.407035175879397,0.3255459022147829,0.25189317554176976,0.39919862888779606
Mid,18.542713567839197,0.3241851605843946,0.2509924829220593,0.39737783824672995
Mid,18.678391959798994,0.3228272882122623,0.25009048251228094,0.3955640939122437
Mid,18.814070351758794,0.32147230169366864,0.24918714729330171,0.39375745609403556
Mid,18.949748743718594,0.32012021745332064,0.2482824507063311,0.3919579842003102
Mid,19.08542713567839,0.3187710517448672,0.24737636667869478,0.3901657368110396
Mid,19.22110552763819,0.3174248206504364,0.24646886965018344,0.3883807716506894
Mid,19.35678391959799,0.3160815400801925,0.2455599345999719,0.3866031455604131
Mid,19.492462311557787,0.31474122577191177,0.24464953707408416,0.3848329144697394
Mid,19.628140703517587,0.3134038932905784,0.24373765321338653,0.38307013336777024
Mid,19.763819095477388,0.3120695580279987,0.2428242597820851,0.38131485627391226
Mid,19.899497487437188,0.3107382352024355,0.2419093341967009,0.37956713620817006
Mid,20.035175879396984,0.3094099398582612,0.24099285455549763,0.3778270251610248
Mid,20.170854271356784,0.3080846868656303,0.24007479966832612,0.37609457406293445
Mid,20.30653266331658,0.3067624909201706,0.23915514908685354,0.3743698327534877
Mid,20.44221105527638,0.3054433665426939,0.23823388313514113,0.3726528499502466
Mid,20.57788944723618,0.30412732807892595,0.23731098294052888,0.370943673217323
Mid,20.71356783919598,0.3028143896992544,0.23638643046478047,0.3692423489337283
Mid,20.849246231155778,0.3015045653984963,0.23546020853545158,0.367548922261541
Mid,20.984924623115578,0.3001978689956848,0.23453230087742183,0.36586343711394775
Mid,21.12060301507538,0.29889431413387346,0.23360269214454232,0.3641859361232046
Mid,21.256281407035175,0.2975939142799603,0.23267136795134477,0.3625164606085758
Mid,21.391959798994975,0.2962966827245302,0.23173831490475344,0.36085505054430694
Mid,21.527638190954775,0.29500263258171516,0.2308035206357349,0.35920174452769543
Mid,21.66331658291457,0.2937117767890743,0.22986697383082472,0.35755657974732385
Mid,21.798994974874372,0.2924241281074906,0.2289286642634664,0.3559195919515148
Mid,21.934673366834172,0.29113969912108745,0.22798858282508716,0.35429081541708773
Mid,22.07035175879397,0.2898585022371626,0.22704672155584504,0.3526702829184801
Mid,22.20603015075377,0.28858054968614,0.22610307367497046,0.35105802569730954
Mid,22.34170854271357,0.2873058535215406,0.2251576336106256,0.3494540734324556
Mid,22.47738693467337,0.2860344256199698,0.22421039702920406,0.34785845421073547
Mid,22.613065326633166,0.2847662776811237,0.22326136086399556,0.3462711944982519
Mid,22.748743718592966,0.28350142122781274,0.22231052334312656,0.3446923191124989
Mid,22.884422110552762,0.2822398676060028,0.22135788401670542,0.34312185119530014
Mid,23.020100502512562,0.28098162798487386,0.2204034437830773,0.3415598121866704
Mid,23.155778894472363,0.2797267133568961,0.21944720491411826,0.3400062217996739
Mid,23.291457286432163,0.2784751345379235,0.21848917107947513,0.33846109799637186
Mid,23.42713567839196,0.2772269021673039,0.2175293473696746,0.33692445696493317
Mid,23.56281407035176,0.275982026708007,0.2165677403180148,0.33539631309799917
Mid,23.698492462311556,0.27474051844676844,0.21560435792116212,0.3338766789723748
Mid,23.834170854271356,0.2735023874942514,0.21463920965836691,0.33236556533013584
Mid,23.969849246231156,0.27226764378522433,0.21367230650922717,0.3308629810612215
Mid,24.105527638190956,0.27103629707875526,0.21270366096991672,0.3293689331875938
Mid,24.241206030150753,0.26980835695842337,0.21173328706780808,0.32788342684903865
Mid,24.376884422110553,0.2685838328325452,0.21076120037441776,0.3264064652906727
Mid,24.51256281407035,0.26736273393441884,0.2097874180166059,0.3249380498522318
Mid,24.64824120603015,0.26614506932258275,0.2088119586859663,0.3234781799591992
Mid,24.78391959798995,0.2649308478810911,0.20783484264634777,0.32202685311583445
Mid,24.91959798994975,0.26372007831980526,0.20685609173944902,0.3205840649001615
Mid,25.055276381909547,0.2625127691746993,0.20587572938843743,0.3191498089609611
Mid,25.190954773869347,0.2613089288081832,0.20489378059954816,0.3177240770168182
Mid,25.326633165829147,0.2601085654094392,0.203910271961617,0.31630685885726145
Mid,25.462311557788944,0.2589116869947753,0.2029252316435221,0.3148981423460285
Mid,25.597989949748744,0.2577183014079918,0.2019386893894931,0.31349791342649047
Mid,25.733668341708544,0.2565284163207645,0.20095067651227985,0.3121061561292492
Mid,25.869346733668344,0.25534203923304155,0.1999612258841515,0.3107228525819316
Mid,26.00502512562814,0.2541591774734548,0.19897037192572606,0.3093479830211835
Mid,26.14070351758794,0.25297983819974673,0.19797815059262322,0.30798152580687027
Mid,26.276381909547737,0.25180402839920984,0.1969845993599444,0.3066234574384753
Mid,26.412060301507537,0.2506317548891422,0.19598975720459538,0.305273752573689
Mid,26.547738693467338,0.2494630243173148,0.1949936645854628,0.3039323840491668
Mid,26.683417085427138,0.24829784316245462,0.19399636342147797,0.3025993229034313
Mid,26.819095477386934,0.24713621773473995,0.19299789706759102,0.3012745384018889
Mid,26.954773869346734,0.24597815417630983,0.19199831028870107,0.2999579980639186
Mid,27.09045226130653,0.24482365846178672,0.1909976492315841,0.2986496676919893
Mid,27.22613065326633,0.2436727363988121,0.18999596139487054,0.2973495114027537
Mid,27.36180904522613,0.24252539362859515,0.18899329559713143,0.29605749166005885
Mid,27.49748743718593,0.24138163562647444,0.18798970194313724,0.29477356930981163
Mid,27.63316582914573,0.2402414677024918,0.1869852317883573,0.2934977036166263
Mid,27.768844221105528,0.23910489500197896,0.18597993770177607,0.29222985230218185
Mid,27.904522613065325,0.23797192250615656,0.18497387342710808,0.29096997158520505
Mid,28.040201005025125,0.23684255503274507,0.18396709384249238,0.28971801622299775
Mid,28.175879396984925,0.2357167972365877,0.1829596549187592,0.2884739395544162
Mid,28.311557788944725,0.23459465361028528,0.1819516136763602,0.28723769354421036
Mid,28.447236180904525,0.23347612848484253,0.1809430281410579,0.28600922882862717
Mid,28.582914572864322,0.2323612260303258,0.17993395729847675,0.2847884947621748
Mid,28.71859296482412,0.2312499502565322,0.17892446104761395,0.28357543946545044
Mid,28.85427135678392,0.2301423050136696,0.17791460015341712,0.28237000987392213
Mid,28.98994974874372,0.229038293993048,0.17690443619853333,0.2811721517875627
Mid,29.12562814070352,0.22793792072778096,0.17589403153433503,0.2799818099212269
Mid,29.26130653266332,0.22684118859349822,0.17488344923133323,0.2787989279556632
Mid,29.396984924623116,0.22574810080906818,0.1738727530290828,0.2776234485890535
Mid,29.532663316582916,0.22465866043733101,0.17286200728568973,0.2764553135889723
Mid,29.668341708542712,0.22357287038584175,0.17185127692702432,0.2752944638446592
Mid,29.804020100502512,0.2224907334076227,0.17084062739574865,0.2741408394194968
Mid,29.939698492462313,0.22141225210192644,0.16983012460026184,0.2729943796035911
Mid,30.075376884422113,0.22033742891500754,0.1688198348636627,0.2718550229663524
Mid,30.21105527638191,0.21926626614090391,0.16780982487283444,0.27072270740897336
Mid,30.34673366834171,0.2181987659222273,0.16680016162774475,0.2695973702167099
Mid,30.482412060301506,0.21713493025096287,0.1657909123910575,0.2684789481108682
Mid,30.618090452261306,0.21607476096927697,0.16478214463814628,0.26736737730040766
Mid,30.753768844221106,0.21501825977033465,0.16377392600760038,0.2662625935330689
Mid,30.889447236180906,0.21396542819912423,0.16276632425230134,0.2651645321459471
Mid,31.025125628140703,0.21291626765329127,0.16175940719115656,0.264073128115426
Mid,31.160804020100503,0.21187077938398002,0.16075324266156218,0.2629883161063979
Mid,31.2964824120603,0.2108289644966829,0.15974789847266732,0.2619100305206985
Mid,31.4321608040201,0.20979082395209744,0.15874344235950666,0.26083820554468823
Mid,31.5678391959799,0.20875635856699165,0.15773994193806756,0.25977277519591574
Mid,31.7035175879397,0.20772556901507555,0.1567374646613432,0.2587136733688079
Mid,31.8391959798995,0.20669845582788074,0.15573607777643184,0.25766083387932964
Mid,31.974874371859297,0.20567501939564664,0.15473584828272796,0.2566141905085653
Mid,32.11055276381909,0.20465525996821357,0.1537368428912497,0.2555736770451774
Mid,32.246231155778894,0.20363917765592282,0.1527391279851436,0.25453922732670203
Mid,32.381909547738694,0.2026267724305227,0.1517427695814002,0.2535107752796452
Mid,32.517587939698494,0.20161804412608125,0.15074783329381247,0.25248825495835003
Mid,32.653266331658294,0.20061299243990496,0.1497543842972033,0.2514716005826066
Mid,32.78894472361809,0.19961161693346355,0.1487624872929425,0.2504607465739846
Mid,32.92462311557789,0.19861391703332035,0.147772206475775,0.2494556275908657
Mid,33.06030150753769,0.19761989203206867,0.1467836055019687,0.24845617856216864
Mid,33.19597989949749,0.1966295410892731,0.14579674745879595,0.24746233471975027
Mid,33.33165829145729,0.19564286323241667,0.14481169483535544,0.2464740316294779
Mid,33.46733668341709,0.1946598573578525,0.14382850949473172,0.24549120522097326
Mid,33.60301507537689,0.19368052223176097,0.14284725264749817,0.24451379181602376
Mid,33.73869346733669,0.19270485649111121,0.14186798482655621,0.24354172815566622
Mid,33.87437185929648,0.1917328586446277,0.14089076586330185,0.24257495142595353
Mid,34.01005025125628,0.19076452707376043,0.13991565486511395,0.2416133992824069
Mid,34.14572864321608,0.18979986003366045,0.13894271019414933,0.24065700987317157
Mid,34.28140703517588,0.18883885565415875,0.1379719894474276,0.2397057218608899
Mid,34.417085427135675,0.1878815119407493,0.13700354943819326,0.23875947444330536
Mid,34.552763819095475,0.18692782677557576,0.1360374461785298,0.23781820737262171
Mid,34.688442211055275,0.18597779791842206,0.13507373486320895,0.23688186097363517
Mid,34.824120603015075,0.18503142300770634,0.13411246985475045,0.23595037616066222
Mid,34.959798994974875,0.184088699561478,0.13315370466966459,0.2350236944532914
Mid,35.095477386934675,0.18314962497841808,0.1321974919658555,0.23410175799098065
Mid,35.231155778894475,0.1822141965388425,0.1312438835311562,0.23318450954652878
Mid,35.366834170854275,0.18128241140570828,0.1302929302729636,0.23227189253845296
Mid,35.502512562814076,0.18035426662562234,0.12934468220895062,0.23136385104229407
Mid,35.63819095477387,0.17942975912985268,0.12839918845881654,0.23046032980088882
Mid,35.77386934673367,0.17850888573534196,0.12745649723705108,0.22956127423363284
Mid,35.90954773869347,0.17759164314572365,0.12651665584667882,0.22866663044476848
Mid,36.04522613065326,0.1766780279523399,0.1255797106739503,0.22777634523072948
Mid,36.18090452261306,0.17576803663526083,0.12464570718394866,0.226890366086573
Mid,36.31658291457286,0.17486166556430693,0.1237146899170781,0.22600864121153577
Mid,36.45226130653266,0.17395891100007155,0.12278670248640602,0.22513111951373707
Mid,36.58793969849246,0.173059769094946,0.12186178757581986,0.22425775061407213
Mid,36.72361809045226,0.17216423589414512,0.12093998693896729,0.22338848484932294
Mid,36.85929648241206,0.17127230733673474,0.12002134139895623,0.22252327327451324
Mid,36.99497487437186,0.1703839792566596,0.11910589084876905,0.22166206766455016
Mid,37.13065326633166,0.16949924738377267,0.11819367425236854,0.2208048205151768
Mid,37.26633165829146,0.16861810734486463,0.11728472964646201,0.21995148504326723
Mid,37.402010050251256,0.1677405546646945,0.11637909414289388,0.21910201518649514
Mid,37.537688442211056,0.16686658476702043,0.11547680393163132,0.21825636560240955
Mid,37.67336683417086,0.16599619297563095,0.11457789428432108,0.21741449166694082
Mid,37.80904522613065,0.16512937451537657,0.11368239955838262,0.21657634947237053
Mid,37.94472361809045,0.1642661245132009,0.11279035320161107,0.21574189582479075
Mid,38.08040201005025,0.16340643799917257,0.11190178775726016,0.21491108824108496
Mid,38.21608040201005,0.1625503099075161,0.111016734869584,0.2140838849454482
Mid,38.35175879396985,0.16169773507764312,0.11013522528980355,0.2132602448654827
Mid,38.48743718592965,0.16084870825518263,0.10925728888247516,0.2124401276278901
Mid,38.62311557788945,0.16000322409301124,0.10838295463224075,0.21162349355378174
Mid,38.75879396984925,0.15916127715228212,0.10751225065092676,0.21081030365363748
Mid,38.89447236180905,0.15832286190345363,0.1066452041849762,0.21000051962193106
Mid,39.030150753768844,0.15748797272731677,0.10578184162318738,0.20919410383144615
Mid,39.165829145728644,0.15665660391602146,0.10492218850473672,0.2083910193273062
Mid,39.301507537688444,0.15582874967410218,0.10406626952746942,0.20759122982073494
Mid,39.43718592964824,0.15500440411950153,0.10321410855643004,0.20679469968257302
Mid,39.57286432160804,0.15418356128459315,0.10236572863262042,0.20600139393656589
Mid,39.70854271356784,0.15336621511720255,0.10152115198196476,0.20521127825244034
Mid,39.84422110552764,0.1525523594816267,0.10068040002445802,0.2044243189387954
Mid,39.97989949748744,0.15174198815965176,0.09984349338348858,0.20364048293581494
Mid,40.11557788944724,0.1509350948515686,0.09901045189531324,0.202859737807824
Mid,40.25125628140704,0.15013167317718726,0.09818129461867059,0.20208205173570393
Mid,40.38693467336684,0.14933171667684828,0.09735603984451902,0.20130739350917753
Mid,40.52261306532664,0.14853521881243262,0.09653470510587785,0.20053573251898738
Mid,40.65829145728644,0.14774217296836906,0.09571730718776905,0.19976703874896906
Mid,40.79396984924623,0.1469525724526392,0.09490386213723709,0.19900128276804133
Mid,40.92964824120603,0.14616641049778004,0.0940943852734393,0.19823843572212077
Mid,41.06532663316583,0.14538368026188395,0.0932888911977896,0.1974784693259783
Mid,41.201005025125625,0.14460437482959634,0.09248739380415252,0.19672135585504016
Mid,41.336683417085425,0.14382848721310967,0.09168990628907062,0.19596706813714873
Mid,41.472361809045225,0.14305601035315577,0.09089644116201309,0.19521557954429844
Mid,41.608040201005025,0.14228693711999438,0.09010701025564584,0.19446686398434293
Mid,41.743718592964825,0.14152126031439896,0.08932162473610064,0.19372089589269728
Mid,41.879396984924625,0.14075897266863943,0.08854029511324735,0.19297765022403152
Mid,42.015075376884425,0.1400000668474616,0.08776303125095195,0.19223710244397127
Mid,42.150753768844226,0.1392445354490633,0.08698984237731801,0.19149922852080858
Mid,42.286432160804026,0.1384923710060672,0.08622073709490102,0.1907640049172334
Mid,42.42211055276382,0.13774356598649037,0.085455723390891,0.19003140858208975
Mid,42.55778894472362,0.1369981127947096,0.08469480864725756,0.18930141694216165
Mid,42.69346733668342,0.13625600377242414,0.08393799965085008,0.1885740078939982
Mid,42.82914572864321,0.1355172311996139,0.08318530260344448,0.18784915979578332
Mid,42.96482412060301,0.13478178729549423,0.08243672313174055,0.1871268514592479
Mid,43.10050251256281,0.1340496642194669,0.0816922662972947,0.1864070621416391
Mid,43.23618090452261,0.13332085407206692,0.08095193660638889,0.18568977153774496
Mid,43.37185929648241,0.13259534889590568,0.08021573801983227,0.18497495977197909
Mid,43.50753768844221,0.13187314067660982,0.07948367396268993,0.18426260739052971
Mid,43.64321608040201,0.13115422134375604,0.07875574733393378,0.1835526953535783
Mid,43.77889447236181,0.13043858277180168,0.07803196051601552,0.18284520502758783
Mid,43.91457286432161,0.12972621678101115,0.07731231538435773,0.18214011817766457
Mid,44.050251256281406,0.1290171151383778,0.07659681331675841,0.18143741695999718
Mid,44.185929648241206,0.12831126955854183,0.07588545520270856,0.1807370839143751
Mid,44.321608040201006,0.1276086717047032,0.07517824145261912,0.18003910195678727
Mid,44.45728643216081,0.12690931318953053,0.0744751720069575,0.17934345437210356
Mid,44.5929648241206,0.12621318557606512,0.07377624634528882,0.17865012480684142
Mid,44.7286432160804,0.12552028037862054,0.0730814634952198,0.17795909726202128
Mid,44.8643216080402,0.12483058906367729,0.07239082204125263,0.17727035608610195
Mid,45.0,0.12414410305077318,0.07170432013353104,0.17658388596801533
High,18.0,0.3616671743357709,0.2791864463310706,0.4441479023404712
High,18.1356783919598,0.3605005439904124,0.2784772628597907,0.44252382512103416
High,18.271356783919597,0.35933549968800943,0.2777679071420619,0.44090309223395696
High,18.407035175879397,0.35817205275938163,0.2770583617736673,0.43928574374509594
High,18.542713567839197,0.3570102144682398,0.27634860929545624,0.4376718196410233
High,18.678391959798994,0.3558499960108255,0.27563863219566087,0.43606135982599015
High,18.814070351758794,0.3546914085155581,0.27492841291232684,0.43445440411878933
High,18.949748743718594,0.3535344630426863,0.27421793383586546,0.4328509922495072
High,19.08542713567839,0.3523791705839457,0.2735071773117324,0.43125116385615897
High,19.22110552763819,0.3512255420622217,0.27279612564323363,0.4296549584812097
High,19.35678391959799,0.3500735883312182,0.2720847610944678,0.42806241556796865
High,19.492462311557787,0.34892332017513245,0.27137306589340654,0.42647357445685835
High,19.628140703517587,0.34777474830833416,0.27066102223511695,0.42488847438155136
High,19.763819095477388,0.3466278833750522,0.26994861228513645,0.4233071544649679
High,19.899497487437188,0.3454827359490648,0.269235818182998,0.4217296537151316
High,20.035175879396984,0.34433931653339817,0.2685226220459138,0.4201560110208825
High,20.170854271356784,0.3431976355600274,0.26780900597262375,0.4185862651474311
High,20.30653266331658,0.3420577033895869,0.26709495204741096,0.41702045473176286
High,20.44221105527638,0.3409195303110828,0.26638044234429076,0.41545861827787484
High,20.57788944723618,0.3397831265416144,0.26566545893137783,0.413900794151851
High,20.71356783919598,0.33864850222609894,0.26494998387543645,0.4123470205767614
High,20.849246231155778,0.3375156674370035,0.2642339992466187,0.4107973356273883
High,20.984924623115578,0.3363846321740818,0.26351748712339707,0.4092517772247666
High,21.12060301507538,0.33525540636411766,0.26280042959769206,0.40771038313054325
High,21.256281407035175,0.3341279998606733,0.26208280878020507,0.40617319094114157
High,21.391959798994975,0.33300242244384415,0.2613646068059596,0.4046402380817287
High,21.527638190954775,0.3318786838200188,0.2606458058400493,0.40311156179998825
High,21.66331658291457,0.3307567936216455,0.2599263880836111,0.4015871991596799
High,21.798994974874372,0.32963676140700354,0.2592063357800131,0.40006718703399397
High,21.934673366834172,0.3285185966599809,0.2584856312212692,0.3985515620986926
High,22.07035175879397,0.32740230878985804,0.25776425675468617,0.3970403608250299
High,22.20603015075377,0.3262879071310964,0.25704219478974194,0.39553361947245086
High,22.34170854271357,0.325175400943134,0.25631942780520295,0.3940313740810651
High,22.47738693467337,0.32406479941018557,0.2555959383564808,0.3925336604638903
High,22.613065326633166,0.32295611164104954,0.25487170908323614,0.39104051419886293
High,22.748743718592966,0.3218493466689198,0.2541467227172272,0.38955197062061236
High,22.884422110552762,0.32074451345120397,0.25342096209041126,0.3880680648119967
High,23.020100502512562,0.31964162086934733,0.2526944101432966,0.3865888315953981
High,23.155778894472363,0.31854067772866185,0.25196704993355157,0.3851143055237721
High,23.291457286432163,0.317441692758162,0.25123886464486866,0.3836445208714553
High,23.42713567839196,0.3163446746104054,0.2505098375960878,0.38217951162472297
High,23.56281407035176,0.31524963186133975,0.2497799522505782,0.3807193114721013
High,23.698492462311556,0.3141565730101553,0.24904919222587996,0.3792639537944307
High,23.834170854271356,0.3130655064791429,0.2483175413036049,0.3778134716546809
High,23.969849246231156,0.311976440613558,0.24758498343959712,0.3763678977875189
High,24.105527638190956,0.3108893836814904,0.24685150277435003,0.37492726458863074
High,24.241206030150753,0.30980434387373934,0.24611708364368373,0.37349160410379495
High,24.376884422110553,0.30872132930369434,0.2453817105896705,0.37206094801771816
High,24.51256281407035,0.30764034800722234,0.24464536837181747,0.3706353276426272
High,24.64824120603015,0.30656140794255954,0.24390804197849453,0.36921477390662455
High,24.78391959798995,0.30548451699020945,0.24316971663860695,0.3677993173418119
High,24.91959798994975,0.30440968295284637,0.2424303778335053,0.36638898807218745
High,25.055276381909547,0.3033369135552249,0.24169001130913126,0.36498381580131856
High,25.190954773869347,0.3022662164440942,0.24094860308838906,0.3635838297997993
High,25.326633165829147,0.3011975991881186,0.2402061394837364,0.36218905889250086
High,25.462311557788944,0.3001310692778037,0.23946260710998726,0.36079953144562016
High,25.597989949748744,0.2990666341254273,0.23871799289731935,0.35941527535353524
High,25.733668341708544,0.2980043010649767,0.23797228410447197,0.35803631802548147
High,25.869346733668344,0.2969440773520916,0.23722546833213012,0.3566626863720531
High,26.00502512562814,0.2958859701640111,0.23647753353647535,0.35529440679154684
High,26.14070351758794,0.2948299865995281,0.235728468042901,0.3539315051561551
High,26.276381909547737,0.2937761336789475,0.23497826055986734,0.35257400679802764
High,26.412060301507537,0.2927244183440514,0.2342269001928936,0.35122193649520916
High,26.547738693467338,0.29167484745806765,0.23347437645866004,0.34987531845747527
High,26.683417085427138,0.2906274278056464,0.23272067929921642,0.34853417631207634
High,26.819095477386934,0.28958216609283943,0.23196579909626797,0.3471985330894109
High,26.954773869346734,0.2885390689470867,0.23120972668552947,0.3458684112086439
High,27.09045226130653,0.28749814291720716,0.23045245337112483,0.34454383246328946
High,27.22613065326633,0.2864593944733956,0.2296939709400102,0.34322481800678095
High,27.36180904522613,0.28542283000722407,0.22893427167640762,0.3419113883380405
High,27.49748743718593,0.2843884558316493,0.22817334837621556,0.340603563287083
High,27.63316582914573,0.2833562781810243,0.22741119436138613,0.3393013620006625
High,27.768844221105528,0.2823263032111165,0.22664780349423744,0.3380048029279956
High,27.904522613065325,0.28129853699912993,0.22588317019167942,0.33671390380658045
High,28.040201005025125,0.2802729855437331,0.22511728943932896,0.3354286816481372
High,28.175879396984925,0.27924965476509167,0.2243501568054887,0.33414915272469464
High,28.311557788944725,0.278228550504907,0.22358176845495947,0.3328753325548546
High,28.447236180904525,0.27720967852645845,0.22281212116266783,0.3316072358902491
High,28.582914572864322,0.2761930445146519,0.22204121232706972,0.330344876702234
High,28.71859296482412,0.2751786540760728,0.22126903998331354,0.329088268168832
High,28.85427135678392,0.2741665127390439,0.22049560281612665,0.3278374226619612
High,28.98994974874372,0.27315662595368856,0.2197209001724005,0.3265923517349766
High,29.12562814070352,0.2721489990919986,0.21894493207344295,0.3253530661105542
High,29.26130653266332,0.271143637447907,0.2181676992268712,0.3241195756689427
High,29.396984924623116,0.27014054623736555,0.21738920303811374,0.32289188943661734
High,29.532663316582916,0.2691397305984274,0.21660944562149417,0.32167001557536057
High,29.668341708542712,0.26814119559133426,0.2158284298108651,0.3204539613718034
High,29.804020100502512,0.26714494619860824,0.2150461591697672,0.31924373322744926
High,29.939698492462313,0.266150987325149,0.21426263800108108,0.31803933664921696
High,30.075376884422113,0.2651593237983348,0.21347787135614396,0.31684077624052565
High,30.21105527638191,0.2641699603681287,0.21269186504330817,0.3156480556929492
High,30.34673366834171,0.2631829017071893,0.2119046256359061,0.31446117777847243
High,30.482412060301506,0.26219815241098593,0.21111616047960394,0.3132801443423679
High,30.618090452261306,0.2612157169979187,0.21032647769911242,0.31210495629672497
High,30.753768844221106,0.26023559990944245,0.20953558620423235,0.31093561361465255
High,30.889447236180906,0.2592578055101962,0.20874349569521097,0.30977211532518145
High,31.025125628140703,0.2582823380881361,0.20795021666738916,0.30861445950888305
High,31.160804020100503,0.25730920185467276,0.20715576041511025,0.3074626432942353
High,31.2964824120603,0.256338400944814,0.20636013903488248,0.30631666285474557
High,31.4321608040201,0.2553699394173112,0.2055633654277669,0.3051765134068554
High,31.5678391959799,0.25440382125480915,0.20476545330097737,0.3040421892086409
High,31.7035175879397,0.2534400503640024,0.20396641716867836,0.30291368355932646
High,31.8391959798995,0.2524786305757932,0.20316627235196605,0.3017909887996203
High,31.974874371859297,0.2515195656454557,0.20236503497801928,0.3006740963128921
High,32.11055276381909,0.2505628592528031,0.20156272197841366,0.29956299652719254
High,32.246231155778894,0.24960851500235942,0.20075935108658682,0.298457678918132
High,32.381909547738694,0.24865653642353536,0.19995494083445475,0.29735813201261596
High,32.517587939698494,0.24770692697080776,0.19914951054816718,0.2962643433934483
High,32.653266331658294,0.24675969002390363,0.19834308034300607,0.2951762997048012
High,32.78894472361809,0.2458148288879877,0.19753567111742584,0.2940939866585496
High,32.92462311557789,0.24487234679385406,0.19672730454623585,0.29301738904147223
High,33.06030150753769,0.24393224689812165,0.19591800307293217,0.29194649072331114
High,33.19597989949749,0.2429945322834337,0.19510778990118177,0.29088127466568564
High,33.33165829145729,0.24205920595866084,0.1942966889854703,0.2898217229318514
High,33.46733668341709,0.24112627085910773,0.19348472502092126,0.28876781669729423
High,33.60301507537689,0.24019572984672394,0.19267192343230669,0.2877195362611412
High,33.73869346733669,0.23926758571031811,0.1918583103622499,0.28667686105838636
High,33.87437185929648,0.23834184116577592,0.19104391265865342,0.28563976967289845
High,34.01005025125628,0.2374184988562813,0.19022875786135846,0.28460823985120415
High,34.14572864321608,0.23649756135254196,0.18941287418806196,0.28358224851702196
High,34.28140703517588,0.2355790311530174,0.18859629051951324,0.28256177178652153
High,34.417085427135675,0.23466291068415132,0.1877790363840124,0.28154678498429025
High,34.552763819095475,0.2337492023006069,0.1869611419412391,0.28053726265997464
High,34.688442211055275,0.2328379082855055,0.18614263796543512,0.27953317860557586
High,34.824120603015075,0.23192903085066902,0.18532355582797228,0.27853450587336576
High,34.959798994974875,0.2310225721368653,0.18450392747933658,0.27754121679439403
High,35.095477386934675,0.23011853421405676,0.183683785430557,0.27655328299755655
High,35.231155778894475,0.2292169190816522,0.18286316273411166,0.2755706754291927
High,35.366834170854275,0.22831772866876232,0.18204209296434978,0.27459336437317483
High,35.502512562814076,0.22742096483445748,0.18122061019745445,0.2736213194714605
High,35.63819095477387,0.2265266293680293,0.180398748990993,0.2726545097450656
High,35.77386934673367,0.22563472398925474,0.17957654436307816,0.2716929036154313
High,35.90954773869347,0.22474525034866366,0.17875403177119029,0.27073646892613706
High,36.04522613065326,0.22385821002780923,0.17793124709068248,0.269785172964936
High,36.18090452261306,0.2229736045395407,0.17710822659301628,0.26883898248606514
High,36.31658291457286,0.22209143532828,0.17628500692376325,0.2678978637327967
High,36.45226130653266,0.22121170377030022,0.17546162508040414,0.2669617824601963
High,36.58793969849246,0.22033441117400776,0.17463811838996984,0.2660307039580457
High,36.72361809045226,0.21945955878022633,0.1738145244865567,0.26510459307389594
High,36.85929648241206,0.21858714776248442,0.17299088128875115,0.2641834142362177
High,36.99497487437186,0.21771717922730488,0.17216722697700654,0.2632671314776032
High,37.13065326633166,0.21684965421449745,0.17134359997099835,0.26235570845799655
High,37.26633165829146,0.21598457369745375,0.17052003890700446,0.26144910848790304
High,37.402010050251256,0.21512193858344472,0.16969658261532747,0.26054729455156195
High,37.537688442211056,0.2142617497139206,0.1688732700978146,0.25965022933002657
High,37.67336683417086,0.21340400786481337,0.16805014050548564,0.2587578752241411
High,37.80904522613065,0.21254871374684184,0.16722723311631563,0.2578701943773681
High,37.94472361809045,0.21169586800581824,0.16640458731319652,0.25698714869843997
High,38.08040201005025,0.21084547122295835,0.1655822425621077,0.256108699883809
High,38.21608040201005,0.20999752391519294,0.1647602383905222,0.25523480943986365
High,38.35175879396985,0.20915202653548176,0.16393861436607887,0.25436543870488465
High,38.48743718592965,0.2083089794731297,0.16311741007554312,0.2535005488707163
High,38.62311557788945,0.2074683830541053,0.1622966651040823,0.2526401010041283
High,38.75879396984925,0.206630237541361,0.1614764190148757,0.2517840560678463
High,38.89447236180905,0.20579454313515552,0.1606567113290864,0.25093237494122467
High,39.030150753768844,0.2049612999733786,0.1598375815062061,0.25008501844055114
High,39.165829145728644,0.20413050813187716,0.1590190689248059,0.24924194733894842
High,39.301507537688444,0.20330216762478379,0.15820121286369104,0.24840312238587653
High,39.43718592964824,0.2024762784048473,0.15738405248349563,0.24756850432619898
High,39.57286432160804,0.20165284036376435,0.15656762680871636,0.24673805391881234
High,39.70854271356784,0.20083185333251344,0.15575197471020816,0.24591173195481872
High,39.84422110552764,0.200013317081691,0.15493713488814914,0.24508949927523288
High,39.97989949748744,0.19919723132184838,0.15412314585548711,0.24427131678820965
High,40.11557788944724,0.1983835957038309,0.1533100459218743,0.2434571454857875
High,40.25125628140704,0.19757240981911886,0.15249787317810115,0.24264694646013657
High,40.38693467336684,0.1967636732001695,0.15168666548103638,0.2418406809193026
High,40.52261306532664,0.19595738532076096,0.150876460439073,0.24103831020244892
High,40.65829145728644,0.1951535455963378,0.15006729539809222,0.24023979579458338
High,40.79396984924623,0.19435215338435755,0.1492592074279432,0.23944509934077188
High,40.92964824120603,0.19355320798463896,0.14845223330944032,0.2386541826598376
High,41.06532663316583,0.19275670863971214,0.1476464095218824,0.23786700775754188
High,41.201005025125625,0.19196265453516892,0.14684177223109318,0.23708353683924466
High,41.336683417085425,0.19117104480001543,0.14603835727797437,0.23630373232205648
High,41.472361809045225,0.19038187850702565,0.1452362001675826,0.2355275568464687
High,41.608040201005025,0.18959515467309626,0.1444353360587123,0.2347549732874802
High,41.743718592964825,0.18881087225960258,0.14363579975399865,0.2339859447652065
High,41.879396984924625,0.1880290301727556,0.14283762569051467,0.23322043465499653
High,42.015075376884425,0.18724962726396038,0.14204084793087246,0.2324584065970483
High,42.150753768844226,0.18647266233017532,0.14124550015482393,0.2316998245055267
High,42.286432160804026,0.18569813411427236,0.14045161565133918,0.23094465257720553
High,42.42211055276382,0.18492604130539847,0.1396592273111698,0.23019285529962713
High,42.55778894472362,0.18415638253933792,0.13886836761988663,0.2294443974587892
High,42.69346733668342,0.18338915639887549,0.13807906865137654,0.22869924414637444
High,42.82914572864321,0.18262436141416039,0.13729136206179646,0.22795736076652431
High,42.96482412060301,0.18186199606307138,0.1365052790839748,0.22721871304216795
High,43.10050251256281,0.18110205877158247,0.13572085052224767,0.22648326702091728
High,43.23618090452261,0.1803445479141293,0.13493810674772344,0.22575098908053515
High,43.37185929648241,0.17958946181397625,0.1341570776939611,0.2250218459339914
High,43.50753768844221,0.17883679874358485,0.13337779285306006,0.22429580463410964
High,43.64321608040201,0.17808655692498165,0.13260028127213827,0.22357283257782504
High,43.77889447236181,0.1773387345301278,0.13182457155020377,0.22285289751005183
High,43.91457286432161,0.17659332968128882,0.13105069183539403,0.22213596752718362
High,44.050251256281406,0.1758503404514046,0.13027866982258202,0.2214220110802272
High,44.185929648241206,0.1751097648644605,0.12950853275133156,0.22071099697758945
High,44.321608040201006,0.17437160089585857,0.12874030740419776,0.22000289438751938
High,44.45728643216081,0.17363584647278904,0.12797402010535358,0.2192976728402245
High,44.5929648241206,0.17290249947460262,0.1272096967195361,0.21859530222966914
High,44.7286432160804,0.1721715577331831,0.1264473626513045,0.2178957528150617
High,44.8643216080402,0.17144301903331977,0.12568704284458948,0.21719899522205005
High,45.0,0.17071688111308098,0.12492876178252874,0.21650500044363322
