tier,bmi,prob,ci_low,ci_high
Low,15.431517934434869,0.351800055818788,0.25865288418000787,0.4449472274575681
Low,15.580103271447758,0.3501007574995874,0.2576747720009153,0.4425267429982595
Low,15.728688608460649,0.34840512054396516,0.2566963409949956,0.4401139000929347
Low,15.877273945473538,0.3467131792799072,0.2557175378807096,0.43770882067910477
Low,16.02585928248643,0.3450249677037203,0.2547383093573638,0.43531162605007684
Low,16.17444461949932,0.3433405194778976,0.25375860212373785,0.4329224368320574
Low,16.323029956512208,0.34165986792904146,0.252778362897653,0.43054137296042994
Low,16.471615293525097,0.3399830460458452,0.25179753843651265,0.4281685536551778
Low,16.62020063053799,0.33831008647713434,0.25081607555887026,0.42580409739539843
Low,16.76878596755088,0.33664102152996594,0.249833921167054,0.4234481218928779
Low,16.91737130456377,0.33497588316778726,0.24885102227090009,0.42110074406467446
Low,17.06595664157666,0.33331470300865396,0.24786732601262038,0.4187620800046875
Low,17.21454197858955,0.33165751232350676,0.24688277969286934,0.4164322449541442
Low,17.36312731560244,0.33000434203450835,0.24589733079802595,0.41411135327099075
Low,17.51171265261533,0.3283552227134385,0.24491092702874645,0.4117995183981305
Low,17.66029798962822,0.326710184580149,0.2439235163298219,0.4094968528304761
Low,17.80888332664111,0.3250692575010784,0.24293504692138265,0.4072034680807741
Low,17.957468663654,0.32343247098782507,0.2419454673314737,0.40491947464417644
Low,18.10605400066689,0.3217998541957806,0.24095472643005567,0.40264498196150555
Low,18.25463933767978,0.3201714359228213,0.2399627734644449,0.40038009838119776
Low,18.40322467469267,0.31854724460806005,0.2389695580962381,0.398124931119882
Low,18.551810011705562,0.3169273083306563,0.2379750304397389,0.3958795862215737
Low,18.70039534871845,0.31531165480868606,0.23697914110191737,0.39364416851545475
Low,18.84898068573134,0.3137003113980697,0.23598184122392402,0.3914187815722154
Low,18.99756602274423,0.31209330509155936,0.23498308252416944,0.3892035276589493
Low,19.14615135975712,0.31049066251778507,0.23398281734299425,0.3869985076925759
Low,19.294736696770013,0.3088924099403588,0.23298099868892536,0.3848038211917923
Low,19.443322033782902,0.3072985732570374,0.2319775802865357,0.3826195662275391
Low,19.59190737079579,0.3057091779989436,0.23097251662589394,0.3804458393719933
Low,19.74049270780868,0.3041242493298448,0.22996576301360566,0.3782827356460839
Low,19.889078044821574,0.30254381204548975,0.2289572756254249,0.3761303484655546
Low,20.037663381834463,0.3009678905730035,0.22794701156042166,0.37398876958558536
Low,20.186248718847352,0.2993965089703382,0.2269349288966746,0.3718580890440018
Low,20.33483405586024,0.29782969092578254,0.22592098674844888,0.36973839510311624
Low,20.48341939287313,0.29626745975752694,0.22490514532482273,0.36762977419023113
Low,20.632004729886024,0.29470983841328596,0.22388736598970418,0.36553231083686777
Low,20.780590066898913,0.29315684946997644,0.2228676113231775,0.3634460876167754
Low,20.929175403911803,0.2916085151334527,0.2218458451841105,0.3613711850827949
Low,21.077760740924692,0.29006485723829534,0.2208220327739358,0.35930768170265487
Low,21.226346077937585,0.2885258972476579,0.2197961407015217,0.35725565379379415
Low,21.374931414950474,0.2869916562531666,0.21876813704902387,0.3552151754573093
Low,21.523516751963363,0.28546215497487554,0.21773799143861217,0.3531863185111389
Low,21.672102088976253,0.2839374137612761,0.2167056750999433,0.35116915242260893
Low,21.820687425989142,0.2824174525893605,0.21567116093824729,0.34916374424047375
Low,21.96927276300203,0.28090229106473824,0.21463442360288362,0.34717015852659283
Low,22.117858100014924,0.279391948421806,0.21359543955620724,0.3451884572874047
Low,22.266443437027814,0.27788644352397096,0.21255418714258156,0.34321869990536036
Low,22.415028774040703,0.2763857948639252,0.21151064665735475,0.3412609430704957
Low,22.563614111053596,0.27489002056397277,0.21046480041561239,0.33931524071233315
Low,22.712199448066485,0.27339913837640833,0.20941663282051368,0.33738164393230297
Low,22.860784785079375,0.271913165683946,0.20836613043099023,0.3354602009369018
Low,23.009370122092264,0.27043211950019985,0.2073132820285996,0.3335509569718001
Low,23.157955459105153,0.26895601647021333,0.2062580786833074,0.3316539542571193
Low,23.306540796118043,0.26748487287103917,0.20520051381795554,0.3297692319241228
Low,23.455126133130936,0.266018704612368,0.20414058327118279,0.3278968259535532
Low,23.603711470143825,0.2645575272372057,0.203078285358555,0.32603676911585644
Low,23.752296807156714,0.26310135592259865,0.20201362093164066,0.32418909091355663
Low,23.900882144169607,0.26165020548040685,0.2009465934347907,0.322353817526023
Low,24.049467481182496,0.2602040903581242,0.19987720895936106,0.32053097175688733
Low,24.198052818195386,0.2587630246397446,0.1988054762951129,0.3187205729843763
Low,24.346638155208275,0.25732702204667524,0.19773140697855063,0.31692263711479984
Low,24.495223492221164,0.2558960959386941,0.19665501533792376,0.3151371765394645
Low,24.643808829234054,0.25447025931495376,0.1955763185346578,0.31336420009524973
Low,24.792394166246947,0.2530495248150278,0.19449533660095877,0.31160371302909684
Low,24.940979503259836,0.251633904720003,0.19341209247335867,0.3098557169666474
Low,25.089564840272725,0.2502234109536131,0.19232661202197074,0.30812020988525546
Low,25.23815017728562,0.2488180550834158,0.19123892407523638,0.3063971860915953
Low,25.386735514298508,0.24741784832201238,0.19014906043996044,0.30468663620406433
Low,25.535320851311397,0.246022801528308,0.1890570559164377,0.3029885471401783
Low,25.683906188324286,0.24463292520881294,0.18796294830849863,0.30130290210912725
Low,25.832491525337176,0.2432482295189849,0.18686677842831614,0.2996296806096536
Low,25.981076862350065,0.2418687242646097,0.18576859009582755,0.2979688584333918
Low,26.129662199362958,0.2404944189032224,0.1846684301326612,0.2963204076737836
Low,26.278247536375847,0.23912532254556598,0.18356634835045793,0.29468429674067403
Low,26.426832873388737,0.23776144395708793,0.18246239753352048,0.2930604903806554
Low,26.57541821040163,0.23640279155947433,0.18135663341573605,0.2914489497032126
Low,26.72400354741452,0.23504937343222068,0.18024911465173715,0.2898496322127042
Low,26.872588884427408,0.2337011973142378,0.17913990278231093,0.28826249184616465
Low,27.021174221440297,0.23235827060549413,0.17802906219406434,0.28668747901692393
Low,27.169759558453187,0.23102060036869215,0.17691666007340368,0.28512454066398063
Low,27.318344895466076,0.2296881933309787,0.17580276635489583,0.28357362030706157
Low,27.466930232478965,0.2283610558856892,0.17468745366411415,0.28203465810726425
Low,27.61551556949186,0.22703919409412412,0.17357079725508912,0.28050759093315913
Low,27.764100906504748,0.22572261368735805,0.17245287494251585,0.2789923524322003
Low,27.91268624351764,0.22441132006807982,0.17133376702888797,0.27748887310727166
Low,28.06127158053053,0.2231053183124637,0.17021355622675505,0.27599708039817233
Low,28.20985691754342,0.22180461317207062,0.16909232757631926,0.274516898767822
Low,28.35844225455631,0.22050920907577903,0.16797016835860828,0.2730482497929498
Low,28.507027591569198,0.21921911013174458,0.1668471680044817,0.2715910522590075
Low,28.655612928582087,0.2179343201293881,0.16572341799974213,0.2701452222590341
Low,28.804198265594977,0.21665484254141068,0.16459901178664127,0.2687106732961801
Low,28.95278360260787,0.2153806805258366,0.16347404466208226,0.2672873163895909
Low,29.10136893962076,0.2141118369280815,0.1623486136728327,0.2658750601833303
Low,29.24995427663365,0.21284831428304682,0.1612228175080721,0.26447381105802154
Low,29.39853961364654,0.21159011481723894,0.1600967563896034,0.26308347324487447
Low,29.54712495065943,0.21033724045091248,0.15897053196006888,0.2617039489417561
Low,29.69571028767232,0.20908969280023781,0.15784424716950576,0.2603351384309699
Low,29.84429562468521,0.2078474731794907,0.15671800616058834,0.25897694019839307
Low,29.9928809616981,0.20661058260326506,0.15559191415289342,0.2576292510536367
Low,30.141466298710988,0.20537902178870712,0.15446607732653114,0.25629196625088313
Low,30.29005163572388,0.20415279115777055,0.1533406027054719,0.2549649796100692
Low,30.43863697273677,0.20293189083949212,0.1522155980409016,0.2536481836380826
Low,30.587222309749663,0.20171632067228712,0.1510911716949203,0.2523414696496539
Low,30.735807646762552,0.20050608020626387,0.14996743252489902,0.2510447278876287
Low,30.88439298377544,0.19930116870555672,0.14884448976879192,0.24975784764232153
Low,31.03297832078833,0.19810158515067702,0.147722452931693,0.24848071736966104
Low,31.18156365780122,0.19690732824088114,0.1466014316739085,0.2472132248078538
Low,31.33014899481411,0.19571839639655522,0.1454815357008093,0.24595525709230115
Low,31.478734331827003,0.19453478776161576,0.1443628746547016,0.2447067008685299
Low,31.627319668839892,0.19335650020592565,0.1432455580089498,0.2434674424029015
Low,31.77590500585278,0.19218353132772514,0.14212969496456024,0.24223736769089005
Low,31.92449034286567,0.19101587845607643,0.14101539434941995,0.2410163625627329
Low,32.073075679878556,0.18985353865332194,0.1399027645203701,0.2398043127862738
Low,32.22166101689145,0.18869650871755583,0.13879191326827192,0.23860110416683974
Low,32.37024635390434,0.18754478518510756,0.13768294772620907,0.23740662264400605
Low,32.51883169091723,0.18639836433303672,0.13657597428094914,0.2362207543851243
Low,32.66741702793012,0.1852572421816396,0.13547109848777475,0.23504338587550447
Low,32.81600236494302,0.18412141449696598,0.13436842498877288,0.23387440400515908
Low,32.96458770195591,0.1829908767933458,0.13326805743465864,0.23271369615203297
Low,33.113173038968796,0.1818656243359253,0.13217009841018948,0.2315611502616611
Low,33.261758375981685,0.1807456521432113,0.13107464936321614,0.23041665492320648
Low,33.410343712994575,0.179630954989625,0.12998181053739533,0.22928009944185468
Low,33.558929050007464,0.17852152740806176,0.12889168090858033,0.2281513739075432
Low,33.70751438702035,0.1774173636924591,0.12780435812488963,0.2270303692600286
Low,33.85609972403324,0.1763184579003708,0.1267199384504426,0.22591697735029898
Low,34.00468506104613,0.17522480385554673,0.12563851671273604,0.22481109099835742
Low,34.15327039805902,0.1741363951505184,0.1245601862536315,0.2237126040474053
Low,34.30185573507191,0.1730532251491892,0.12348503888390472,0.22262141141447367
Low,34.4504410720848,0.17197528698942904,0.12241316484130586,0.2215374091375522
Low,34.59902640909769,0.17090257358567257,0.12134465275206588,0.22046049441927926
Low,34.74761174611058,0.16983507763152078,0.12027958959578142,0.21939056566726015
Low,34.896197083123475,0.1687727916023455,0.11921806067360036,0.21832752253109067
Low,35.044782420136364,0.16771570775789585,0.11816014957962492,0.21727126593616677
Low,35.193367757149254,0.16666381814490674,0.11710593817544296,0.21622169811437053
Low,35.34195309416214,0.16561711459970793,0.11605550656769899,0.2151787226317169
Low,35.49053843117504,0.1645755887508347,0.11500893308860144,0.21414224441306795
Low,35.63912376818793,0.16353923202163828,0.11396629427927397,0.2131121697640026
Low,35.78770910520082,0.16250803563289587,0.11292766487584335,0.2120884063899484
Low,35.93629444221371,0.16148199060542032,0.11189311779815969,0.21107086341268094
Low,36.0848797792266,0.16046108776266835,0.11086272414104878,0.21005945138428792
Low,36.233465116239486,0.1594453177333474,0.1098365531679813,0.20905408229871353
Low,36.382050453252376,0.1584346709540201,0.10881467230706168,0.20805466960097854
Low,36.530635790265265,0.1574291376717062,0.10779714714922062,0.20706112819419176
Low,36.679221127278154,0.15642870794648184,0.10678404144851365,0.20607337444445
Low,36.827806464291044,0.15543337165407495,0.10577541712441185,0.20509132618373804
Low,36.97639180130393,0.1544431184884571,0.10477133426598839,0.2041149027109258
Low,37.12497713831682,0.15345793796443077,0.1037718511378925,0.20314402479096905
Low,37.27356247532971,0.1524778194202125,0.10277702418801152,0.20217861465241346
Low,37.4221478123426,0.1515027520200101,0.10178690805672477,0.20121859598329542
Low,37.5707331493555,0.15053272475659507,0.10080155558764792,0.20026389392554222
Low,37.71931848636839,0.14956772645386884,0.09982101783977754,0.19931443506796015
Low,37.867903823381276,0.14860774576942265,0.09884534410094178,0.19837014743790352
Low,38.016489160394165,0.14765277119709075,0.09787458190246945,0.19743096049171205
Low,38.165074497407055,0.1467027910694969,0.09690877703499012,0.1964968051040037
Low,38.31365983441995,0.14575779356059287,0.0959479735652832,0.19556761355590255
Low,38.46224517143284,0.1448177666881898,0.09499221385409387,0.19464331952228572
Low,38.61083050844573,0.14388269831648096,0.0940415385748418,0.19372385805812012
Low,38.75941584545862,0.14295257615855622,0.09309598673314196,0.1928091655839705
Low,38.90800118247151,0.14202738777890758,0.09215559568707377,0.1918991798707414
Low,39.0565865194844,0.14110712059592592,0.09122040116812527,0.19099384002372657
Low,39.20517185649729,0.14019176188438784,0.09029043730274512,0.19009308646603057
Low,39.35375719351018,0.13928129877793285,0.08936573663444891,0.1891968609214168
Low,39.502342530523066,0.1383757182715306,0.08844633014640779,0.18830510639665343
Low,39.650927867535955,0.13747500722393746,0.08753224728447467,0.18741776716340025
Low,39.799513204548845,0.13657915236014276,0.08662351598058557,0.18653478873969995
Low,39.948098541561734,0.1356881402738034,0.08572016267648876,0.18565611787111808
Low,40.09668387857462,0.13480195742966797,0.08482221234775454,0.18478170251158138
Low,40.24526921558752,0.1339205901659886,0.08392968852801741,0.18391149180395977
Low,40.39385455260041,0.1330440246969215,0.08304261333340746,0.18304543606043555
Low,40.5424398896133,0.13217224711491496,0.08216100748713392,0.182183486742696
Low,40.69102522662619,0.1313052433930853,0.08128489034417746,0.18132559644199314
Low,40.83961056363908,0.13044299938758033,0.08041427991606057,0.1804717188591001
Low,40.988195900651974,0.1295855008399291,0.07954919289565648,0.1796218087842017
Low,41.13678123766486,0.12873273337938013,0.07868964468201284,0.17877582207674741
Low,41.28536657467775,0.12788468252522447,0.07783564940515052,0.17793371564529842
Low,41.43395191169064,0.1270413336891067,0.07698721995082108,0.1770954474273923
Low,41.58253724870353,0.1262026721773215,0.0761443679851884,0.17626097636945462
Low,41.73112258571642,0.12536868319309608,0.07530710397941556,0.1754302624067766
Low,41.87970792272931,0.12453935183885882,0.07447543723413222,0.17460326644358543
Low,42.0282932597422,0.12371466311849345,0.07364937590376709,0.1737799503332198
Low,42.17687859675509,0.12289460193957846,0.07282892702071733,0.1729602768584396
Low,42.32546393376798,0.12207915311561181,0.07201409651934743,0.1721442097118762
Low,42.47404927078087,0.12126830136822087,0.07120488925979611,0.1713317134766456
Low,42.622634607793756,0.120462031329357,0.07040130905157721,0.17052275360713678
Low,42.771219944806646,0.119660327543475,0.0696033586769641,0.1697172964099859
Low,42.919805281819535,0.11886317446969699,0.06881103991413967,0.1689153090252543
Low,43.06839061883243,0.11807055648396074,0.06802435356010836,0.16811675940781312
Low,43.21697595584532,0.1172824578811524,0.06724329945335494,0.16732161630894984
Low,43.36556129285821,0.1164988628772229,0.06646787649624337,0.1665298492582024
Low,43.5141466298711,0.11571975561128867,0.06569808267714622,0.1657414285454311
Low,43.662731966883996,0.11494512014771618,0.06493391509229904,0.16495632520313333
Low,43.811317303896885,0.11417494047819009,0.06417536996737647,0.1641745109890037
Low,43.959902640909775,0.11340920052376467,0.06342244267877695,0.1633959583687524
Low,44.108487977922664,0.11264788413689932,0.06267512777461703,0.1626206404991816
Low,44.25707331493555,0.11189097510347679,0.061933418995431866,0.1618485312115217
Low,44.40565865194844,0.1111384571448052,0.06119730929457775,0.16107960499503265
Low,44.55424398896133,0.11039031391960276,0.06046679085832888,0.16031383698087665
Low,44.70282932597422,0.10964652902596574,0.05974185512567563,0.15955120292625585
Low,44.85141466298711,0.10890708600331929,0.0590224928078138,0.15879167919882478
Low,45.0,0.10817196833435148,0.058308693907331156,0.15803524276137182
Mid,15.431517934434869,0.36206984821406296,0.2736779565236551,0.4504617399044708
Mid,15.580103271447758,0.36051376052782874,0.2727466792501603,0.4482808418054972
Mid,15.728688608460649,0.3589604903435606,0.27181501046323353,0.44610597022388765
Mid,15.877273945473538,0.35741006451984514,0.2708829088238622,0.4439372202158281
Mid,16.02585928248643,0.35586250970313166,0.26995033291288933,0.441774686493374
Mid,16.17444461949932,0.35431785232622215,0.26901724124334503,0.43961846340909927
Mid,16.323029956512208,0.35277611860679253,0.26808359227341333,0.43746864494017174
Mid,16.471615293525097,0.35123733454594586,0.26714934442008736,0.43532532467180435
Mid,16.62020063053799,0.3497015259267967,0.2662144560735159,0.4331885957800775
Mid,16.76878596755088,0.3481687183130877,0.26527888561208657,0.43105855101408885
Mid,16.91737130456377,0.3466389370478363,0.2643425914182606,0.42893528267741204
Mid,17.06595664157666,0.34511220725201597,0.2634055318951974,0.42681888260883455
Mid,17.21454197858955,0.3435885538232664,0.2624676654841837,0.4247094421623491
Mid,17.36312731560244,0.34206800143463867,0.2615289506829078,0.4226070521863695
Mid,17.51171265261533,0.34055057453336973,0.26058934606459705,0.4205118030021424
Mid,17.66029798962822,0.33903629733969093,0.25964881029804476,0.4184237843813371
Mid,17.80888332664111,0.3375251938456684,0.25870730216856314,0.4163430855227737
Mid,17.957468663654,0.3360172878140753,0.2577647805998689,0.4142697950282817
Mid,18.10605400066689,0.33451260277729655,0.2568212046769472,0.4122040008776459
Mid,18.25463933767978,0.33301116203626624,0.2558765336699027,0.4101457904026298
Mid,18.40322467469267,0.3315129886594368,0.2549307270588235,0.40809525026005006
Mid,18.551810011705562,0.3300181054817813,0.2539837445596861,0.4060524664038765
Mid,18.70039534871845,0.32852653510382795,0.2530355461513073,0.4040175240563486
Mid,18.84898068573134,0.3270382998907266,0.2520860921033755,0.40199050767807765
Mid,18.99756602274423,0.32555342197134834,0.2511353430055685,0.3999715009371282
Mid,19.14615135975712,0.32407192323741746,0.2501832597977726,0.3979605866770623
Mid,19.294736696770013,0.32259382534267494,0.24922980380141627,0.39595784688393365
Mid,19.443322033782902,0.32111914970207583,0.24827493675192824,0.3939633626522234
Mid,19.59190737079579,0.31964791749101795,0.24731862083232037,0.39197721414971554
Mid,19.74049270780868,0.318180149644603,0.24636081870790477,0.38999948058130124
Mid,19.889078044821574,0.31671586685693076,0.24540149356214078,0.3880302401517207
Mid,20.037663381834463,0.3152550895804247,0.24444060913360807,0.3860695700272413
Mid,20.186248718847352,0.31379783802519035,0.24347812975409672,0.384117546296284
Mid,20.33483405586024,0.3123441321584053,0.24251402038780534,0.38217424392900523
Mid,20.48341939287313,0.310893991703742,0.24154824667162728,0.3802397367358567
Mid,20.632004729886024,0.3094474361408221,0.24058077495650293,0.37831409732514126
Mid,20.780590066898913,0.30800448470470276,0.23961157234981711,0.3763973970595884
Mid,20.929175403911803,0.3065651563853952,0.2386406067588016,0.37448970601198883
Mid,21.077760740924692,0.30512946992741413,0.2376678469349125,0.37259109291991577
Mid,21.226346077937585,0.3036974438293599,0.23669326251913686,0.370701625139583
Mid,21.374931414950474,0.30226909634353183,0.2357168240881812,0.3688213685988825
Mid,21.523516751963363,0.3008444454755724,0.23473850320148448,0.36695038774966027
Mid,21.672102088976253,0.29942350898414366,0.23375827244899877,0.36508874551928855
Mid,21.820687425989142,0.2980063043806345,0.2327761054996659,0.36323650326160317
Mid,21.96927276300203,0.2965928489288986,0.23179197715051747,0.3613937207072797
Mid,22.117858100014924,0.295183159645024,0.2308058633763227,0.3595604559137253
Mid,22.266443437027814,0.29377725329713306,0.22981774137968625,0.35773676521457987
Mid,22.415028774040703,0.29237514640521317,0.22882758964151176,0.3559227031689146
Mid,22.563614111053596,0.2909768552409778,0.22783538797172614,0.3541183225102295
Mid,22.712199448066485,0.28958239582775824,0.2268411175601565,0.35232367409536
Mid,22.860784785079375,0.28819178394042544,0.22584476102744885,0.35053880685340205
Mid,23.009370122092264,0.2868050351053413,0.2248463024759024,0.3487637677347802
Mid,23.157955459105153,0.2854221646003408,0.2238457275401026,0.34699860166057905
Mid,23.306540796118043,0.28404318745474266,0.22284302343720852,0.3452433514722768
Mid,23.455126133130936,0.2826681184493906,0.22183817901676692,0.34349805788201426
Mid,23.603711470143825,0.28129697211672294,0.22083118480990266,0.3417627594235432
Mid,23.752296807156714,0.2799297627408718,0.21982203307774018,0.3400374924040034
Mid,23.900882144169607,0.2785665043577909,0.21881071785890452,0.33832229085667725
Mid,24.049467481182496,0.2772072107554124,0.21779723501593995,0.3366171864948848
Mid,24.198052818195386,0.27585189547383193,0.21678158228049685,0.33492220866716704
Mid,24.346638155208275,0.2745005718055217,0.2157637592971114,0.33323738431393196
Mid,24.495223492221164,0.2731532527955722,0.2147437676654255,0.3315627379257189
Mid,24.643808829234054,0.27180995124196106,0.21372161098067802,0.32989829150324407
Mid,24.792394166246947,0.27047067969585026,0.21269729487229694,0.3282440645194036
Mid,24.940979503259836,0.26913545046190984,0.21167082704043655,0.32660007388338314
Mid,25.089564840272725,0.26780427559866915,0.2106422172902893,0.324966333907049
Mid,25.23815017728562,0.26647716691889506,0.2096114775640127,0.3233428562737774
Mid,25.386735514298508,0.265154135989997,0.2085786219701189,0.3217296500098751
Mid,25.535320851311397,0.26383519413445733,0.20754366681016323,0.32012672145875143
Mid,25.683906188324286,0.26252035243028915,0.2065066306025932,0.3185340742579851
Mid,25.832491525337176,0.2612096217115191,0.20546753410361254,0.31695170931942573
Mid,25.981076862350065,0.2599030125686963,0.20442640032492004,0.31537962481247256
Mid,26.129662199362958,0.2586005353494262,0.20338325454820844,0.3138178161506439
Mid,26.278247536375847,0.2573022001589299,0.2023381243362922,0.31226627598156764
Mid,26.426832873388737,0.2560080168606277,0.20129103954076627,0.3107249941804891
Mid,26.57541821040163,0.2547179950767481,0.20024203230609453,0.30919395784740167
Mid,26.72400354741452,0.25343214418896004,0.19919113707004354,0.30767315130787654
Mid,26.872588884427408,0.2521504733390299,0.19813839056038904,0.30616255611767074
Mid,27.021174221440297,0.250872991429502,0.19708383178783423,0.30466215107116973
Mid,27.169759558453187,0.24959970712440196,0.19602750203509364,0.3031719122137103
Mid,27.318344895466076,0.24833062884996424,0.19496944484211498,0.3016918128578135
Mid,27.466930232478965,0.24706576479538123,0.19390970598741084,0.30022182360335165
Mid,27.61551556949186,0.24580512291357634,0.19284833346551036,0.2987619123616423
Mid,27.764100906504748,0.24454871092199806,0.19178537746053426,0.29731204438346187
Mid,27.91268624351764,0.24329653630343642,0.19072089031592412,0.2958721822909487
Mid,28.06127158053053,0.24204860630686156,0.18965492650036941,0.2944422861133537
Mid,28.20985691754342,0.24080492794828282,0.1885875425699905,0.29302231332657513
Mid,28.35844225455631,0.2395655080116296,0.1875187971268477,0.2916122188964115
Mid,28.507027591569198,0.23833035304965242,0.1864487507738701,0.29021195532543476
Mid,28.655612928582087,0.23709946938484483,0.18537746606630098,0.28882147270338865
Mid,28.804198265594977,0.2358728631103851,0.18430500745977763,0.2874407187609926
Mid,28.95278360260787,0.234650540091098,0.183231441255176,0.28606963892702003
Mid,29.10136893962076,0.23343250596443588,0.18215683554035922,0.28470817638851253
Mid,29.24995427663365,0.2322187661414789,0.18108126012898618,0.28335627215397163
Mid,29.39853961364654,0.23100932580795455,0.18000478649653998,0.2820138651193691
Mid,29.54712495065943,0.22980418992527496,0.17892748771375389,0.28068089213679603
Mid,29.69571028767232,0.2286033632315934,0.1778494383776169,0.27935728808556987
Mid,29.84429562468521,0.22740685024287763,0.17677071454014534,0.27804298594560994
Mid,29.9928809616981,0.22621465525400183,0.17569139363512493,0.27673791687287874
Mid,30.141466298710988,0.22502678233985535,0.17461155440301857,0.27544201027669213
Mid,30.29005163572388,0.22384323535646816,0.1735312768142521,0.2741551938986842
Mid,30.43863697273677,0.2226640179421537,0.17245064199108667,0.27287739389322074
Mid,30.587222309749663,0.221489133518667,0.17136973212829176,0.27160853490904224
Mid,30.735807646762552,0.2203185852923799,0.1702886304128284,0.27034854017193144
Mid,30.88439298377544,0.2191523762554711,0.16920742094276336,0.26909733156817883
Mid,31.03297832078833,0.21799050918713198,0.16812618864562004,0.26785482972864394
Mid,31.18156365780122,0.21683298665478723,0.16704501919637987,0.2666209541131946
Mid,31.33014899481411,0.21567981101533043,0.16596399893533983,0.26539562309532105
Mid,31.478734331827003,0.21453098441637375,0.16488321478603027,0.2641787540467172
Mid,31.627319668839892,0.21338650879751184,0.16380275417338783,0.2629702634216359
Mid,31.77590500585278,0.21224638589159947,0.16272270494237867,0.26177006684082027
Mid,31.92449034286567,0.2111106172260425,0.16164315527725417,0.2605780791748308
Mid,32.073075679878556,0.20997920412410181,0.1605641936216192,0.2593942146265844
Mid,32.22166101689145,0.20885214770621055,0.15948590859947875,0.25821838681294235
Mid,32.37024635390434,0.207729448891303,0.15840838893742926,0.2570505088451767
Mid,32.51883169091723,0.20661110839815636,0.15733172338814297,0.2558904934081698
Mid,32.66741702793012,0.20549712674674364,0.15625600065528725,0.2547382528382
Mid,32.81600236494302,0.20438750425959867,0.15518130932001672,0.2535936991991806
Mid,32.96458770195591,0.20328224106319184,0.15410773776915515,0.25245674435722854
Mid,33.113173038968796,0.20218133708931682,0.1530353741251848,0.25132730005344883
Mid,33.261758375981685,0.20108479207648772,0.15196430617814283,0.2502052779748326
Mid,33.410343712994575,0.19999260557134682,0.1508946213195207,0.24909058982317295
Mid,33.558929050007464,0.1989047769300816,0.1498264064782434,0.2479831473819198
Mid,33.70751438702035,0.1978213053198521,0.14875974805880784,0.24688286258089634
Mid,33.85609972403324,0.1967421897202267,0.1476947318816369,0.2457896475588165
Mid,34.00468506104613,0.19566742892462763,0.14663144312570547,0.24470341472354978
Mid,34.15327039805902,0.19459702154178485,0.1455699662734779,0.2436240768100918
Mid,34.30185573507191,0.193530965997198,0.14451038505819777,0.2425515469361982
Mid,34.4504410720848,0.1924692605346067,0.14345278241354523,0.24148573865566816
Mid,34.59902640909769,0.19141190321746887,0.1423972404256886,0.24042656600924914
Mid,34.74761174611058,0.19035889193044556,0.14134384028773153,0.23937394357315958
Mid,34.896197083123475,0.18931022438089395,0.14029266225656115,0.23832778650522676
Mid,35.044782420136364,0.18826589810036662,0.1392437856120879,0.23728801058864535
Mid,35.193367757149254,0.1872259104461173,0.1381972886188657,0.2362545322733689
Mid,35.34195309416214,0.1861902586026132,0.1371532484900731,0.23522726871515331
Mid,35.49053843117504,0.18515893958305288,0.13611174135382656,0.2342061378122792
Mid,35.63912376818793,0.18413195023089027,0.13507284222180155,0.233191058239979
Mid,35.78770910520082,0.18310928722136358,0.13403662496011745,0.2321819494826097
Mid,35.93629444221371,0.1820909470630295,0.1330031622624519,0.2311787318636071
Mid,36.0848797792266,0.18107692609930218,0.13197252562533793,0.23018132657326643
Mid,36.233465116239486,0.18006722050999674,0.13094478532559373,0.22918965569439975
Mid,36.382050453252376,0.1790618263128769,0.1299200103998368,0.228203642225917
Mid,36.530635790265265,0.17806073936520664,0.12889826862602424,0.22722321010438903
Mid,36.679221127278154,0.1770639553653056,0.1278796265069666,0.22624828422364457
Mid,36.827806464291044,0.1760714698541075,0.1268641492557502,0.22527879045246477
Mid,36.97639180130393,0.17508327821672232,0.12585190078301367,0.22431465565043096
Mid,37.12497713831682,0.17409937568400052,0.12484294368601144,0.2233558076819896
Mid,37.27356247532971,0.17311975733410107,0.12383733923940313,0.222402175428799
Mid,37.4221478123426,0.17214441809405992,0.12283514738770404,0.2214536888004158
Mid,37.5707331493555,0.1711733527413625,0.12183642673933268,0.22051027874339232
Mid,37.71931848636839,0.1702065559055171,0.12084123456218923,0.21957187724884494
Mid,37.867903823381276,0.16924402206962913,0.11984962678070105,0.2186384173585572
Mid,38.016489160394165,0.1682857455719783,0.11886165797427092,0.2177098331696857
Mid,38.165074497407055,0.16733172060759532,0.11787738137706205,0.2167860598381286
Mid,38.31365983441995,0.16638194122983996,0.1168968488790575,0.21586703358062242
Mid,38.46224517143284,0.1654364013519803,0.11592011102833183,0.21495269167562875
Mid,38.61083050844573,0.1644950947487708,0.11494721703447157,0.21404297246307002
Mid,38.75941584545862,0.16355801505803205,0.11397821477308492,0.21313781534297918
Mid,38.90800118247151,0.16262515578222905,0.11301315079133925,0.21223716077311885
Mid,39.0565865194844,0.1616965102900498,0.11205207031447012,0.2113409502656295
Mid,39.20517185649729,0.16077207181798311,0.1110950172532052,0.21044912638276103
Mid,39.35375719351018,0.1598518334718954,0.11014203421204513,0.2095616327317457
Mid,39.502342530523066,0.1589357882286065,0.10919316249834819,0.20867841395886477
Mid,39.650927867535955,0.15802392893746411,0.10824844213217058,0.20779941574275765
Mid,39.799513204548845,0.15711624832191667,0.10730791185680216,0.20692458478703118
Mid,39.948098541561734,0.1562127389810846,0.10637160914996248,0.20605386881220672
Mid,40.09668387857462,0.1553133933913293,0.10543957023559554,0.20518721654706307
Mid,40.24526921558752,0.15441820390782052,0.1045118300962256,0.20432457771941542
Mid,40.39385455260041,0.1535271627661006,0.10358842248583097,0.20346590304637022
Mid,40.5424398896133,0.15264026208364656,0.1026693799431909,0.2026111442241022
Mid,40.69102522662619,0.15175749386142942,0.10175473380566091,0.20176025391719793
Mid,40.83961056363908,0.1508788499854704,0.1008445142233476,0.2009131857475932
Mid,40.988195900651974,0.15000432222839374,0.09993875017364023,0.20006989428314725
Mid,41.13678123766486,0.14913390225097686,0.09903746947605951,0.1992303350258942
Mid,41.28536657467775,0.14826758160369563,0.09814069880739967,0.1983944643999916
Mid,41.43395191169064,0.1474053517282673,0.09724846371712104,0.19756223973941356
Mid,41.58253724870353,0.14654720395918872,0.09636078864297318,0.19673361927540425
Mid,41.73112258571642,0.1456931295252703,0.09547769692680794,0.19590856212373267
Mid,41.87970792272931,0.14484311955116633,0.0945992108305653,0.19508702827176735
Mid,42.0282932597422,0.14399716505890006,0.09372535155239789,0.19426897856540223
Mid,42.17687859675509,0.14315525696938486,0.09285613924291565,0.19345437469585408
Mid,42.32546393376798,0.14231738610393985,0.09199159302151944,0.19264317918636026
Mid,42.47404927078087,0.14148354318580103,0.09113173099281205,0.19183535537879
Mid,42.622634607793756,0.1406537188416274,0.09027657026305613,0.19103086742019865
Mid,42.771219944806646,0.1398279036030009,0.08942612695666294,0.19022968024933887
Mid,42.919805281819535,0.1390060879079223,0.08858041623269491,0.18943175958314967
Mid,43.06839061883243,0.13818826210229992,0.08773945230136518,0.18863707190323467
Mid,43.21697595584532,0.13737441644143408,0.08690324844051218,0.187845584442356
Mid,43.36556129285821,0.13656454109149418,0.08607181701204053,0.18705726517094784
Mid,43.5141466298711,0.135758626130991,0.08524516947831254,0.18627208278366944
Mid,43.662731966883996,0.1349566615522421,0.08442331641847375,0.18549000668601043
Mid,43.811317303896885,0.13415863726283117,0.08360626754470538,0.18471100698095697
Mid,43.959902640909775,0.13336454308706064,0.08279403171838777,0.1839350544557335
Mid,44.108487977922664,0.1325743687673979,0.08198661696616652,0.18316212056862927
Mid,44.25707331493555,0.13178810396591492,0.08118403049591211,0.18239217743591774
Mid,44.40565865194844,0.13100573826572084,0.08038627871256174,0.18162519781887995
Mid,44.55424398896133,0.13022726117238748,0.07959336723383861,0.18086115511093634
Mid,44.70282932597422,0.129452662115368,0.07880530090583508,0.18010002332490088
Mid,44.85141466298711,0.12868193044940818,0.07802208381846176,0.1793417770803546
Mid,45.0,0.12791505545595075,0.07724371932074542,0.17858639159115608
High,15.431517934434869,0.4356630680721764,0.3104438093013796,0.5608823268429732
High,15.580103271447758,0.4352139686453319,0.3101283673861719,0.5602995699044919
High,15.728688608460649,0.43476497035491724,0.3098111380000378,0.5597188027097967
High,15.877273945473538,0.43431607389368704,0.3094921175034423,0.5591400302839318
High,16.02585928248643,0.4338672799538001,0.30917130236243034,0.5585632575451698
High,16.17444461949932,0.43341858922681537,0.3088486891497404,0.5579884893038903
High,16.323029956512208,0.43297000240368777,0.30852427454589626,0.5574157302614793
High,16.471615293525097,0.43252152017476464,0.30819805534028866,0.5568449850092406
High,16.62020063053799,0.43207314322978124,0.3078700284322305,0.5562762580273319
High,16.76878596755088,0.4316248722578569,0.30754019083199796,0.5557095536837158
High,16.91737130456377,0.4311767079474913,0.3072085396618517,0.5551448762331309
High,17.06595664157666,0.4307286509865602,0.3068750721570351,0.5545822298160854
High,17.21454197858955,0.4302807020623115,0.3065397856667563,0.5540216184578667
High,17.36312731560244,0.42983286186136155,0.3062026776551451,0.553463046067578
High,17.51171265261533,0.4293851310696907,0.3058637457021884,0.552906516437193
High,17.66029798962822,0.42893751037264,0.30552298750464735,0.5523520332406326
High,17.80888332664111,0.42849000045490654,0.3051804008769457,0.5517996000328673
High,17.957468663654,0.4280426020005403,0.3048359837520396,0.551249220249041
High,18.10605400066689,0.42759531569293946,0.30448973418226144,0.5507008972036175
High,18.25463933767978,0.4271481422148471,0.3041416503401373,0.5501546340895569
High,18.40322467469267,0.4267010822483469,0.30379173051918407,0.5496104339775097
High,18.551810011705562,0.4262541364748592,0.30343997313467624,0.5490682998150422
High,18.70039534871845,0.42580730557513785,0.30308637672439137,0.5485282344258843
High,18.84898068573134,0.42536059022926503,0.30273093994932476,0.5479902405092053
High,18.99756602274423,0.4249139911166487,0.3023736615943805,0.5474543206389169
High,19.14615135975712,0.4244675089160177,0.30201454056903315,0.5469204772630023
High,19.294736696770013,0.4240211443054186,0.3016535759079632,0.546388712702874
High,19.443322033782902,0.42357489796221137,0.3012907667716634,0.5458590291527593
High,19.59190737079579,0.42312877056306597,0.3009261124470173,0.5453314286791147
High,19.74049270780868,0.422682762783958,0.3005596123478475,0.5448059132200684
High,19.889078044821574,0.42223687530016524,0.30019126601543644,0.544282484584894
High,20.037663381834463,0.42179110878626375,0.29982107311901673,0.5437611444535108
High,20.186248718847352,0.42134546391612404,0.29944903345622986,0.5432418943760182
High,20.33483405586024,0.4208999413629072,0.2990751469535582,0.5427247357722562
High,20.48341939287313,0.4204545417990613,0.2986994136667224,0.5422096699314001
High,20.632004729886024,0.42000926589631715,0.29832183378105037,0.5416966980115839
High,20.780590066898913,0.41956411432568524,0.2979424076118143,0.5411858210395563
High,20.929175403911803,0.4191190877574512,0.29756113560453695,0.5406770399103655
High,21.077760740924692,0.4186741868611727,0.2971780183352648,0.5401703553870806
High,21.226346077937585,0.41822941230567506,0.29679305651080995,0.5396657681005401
High,21.374931414950474,0.4177847647590481,0.29640625096896106,0.539163278549135
High,21.523516751963363,0.417340244888642,0.29601760267865984,0.5386628870986242
High,21.672102088976253,0.41689585336106366,0.2956271127401471,0.5381645939819802
High,21.820687425989142,0.4164515908421732,0.2952347823850753,0.5376683992992711
High,21.96927276300203,0.41600745799707994,0.2948406129765876,0.5371743030175723
High,22.117858100014924,0.41556345549013873,0.2944446060093652,0.5366823049709123
High,22.266443437027814,0.4151195839849465,0.29404676310964306,0.53619240486025
High,22.415028774040703,0.41467584414433845,0.2936470860351882,0.5357046022534887
High,22.563614111053596,0.4142322366303841,0.2932455766752508,0.5352188965855175
High,22.712199448066485,0.4137887621043841,0.29284223705047674,0.5347352871582914
High,22.860784785079375,0.41334542122686635,0.2924370693127922,0.5342537731409406
High,23.009370122092264,0.41290221465758203,0.29203007574525025,0.5337743535699139
High,23.157955459105153,0.41245914305550246,0.2916212587618489,0.5332970273491561
High,23.306540796118043,0.4120162070788154,0.29121062090731226,0.5328217932503185
High,23.455126133130936,0.41157340738492104,0.29079816485684284,0.5323486499129992
High,23.603711470143825,0.4111307446304288,0.2903838934158378,0.5318775958450198
High,23.752296807156714,0.41068821947115347,0.2899678095195741,0.5314086294227328
High,23.900882144169607,0.4102458325621116,0.28954991623286075,0.5309417488913625
High,24.049467481182496,0.4098035845575183,0.28913021674965794,0.5304769523653786
High,24.198052818195386,0.40936147611078316,0.2887087143926672,0.5300142378288991
High,24.346638155208275,0.4089195078745068,0.2882854126128841,0.5295536031361295
High,24.495223492221164,0.40847768050047756,0.28786031498912434,0.5290950460118308
High,24.643808829234054,0.40803599463966805,0.2874334252275154,0.5286385640518207
High,24.792394166246947,0.40759445094223073,0.28700474716095786,0.5281841547235036
High,24.940979503259836,0.4071530500574955,0.2865742847485557,0.5277318153664353
High,25.089564840272725,0.4067117926339655,0.2861420420750144,0.5272815431929165
High,25.23815017728562,0.4062706793193137,0.2857080233500119,0.5268333352886155
High,25.386735514298508,0.40582971076037955,0.2852722329075364,0.5263871886132228
High,25.535320851311397,0.4053888876031655,0.28483467520519423,0.5259431000011368
High,25.683906188324286,0.4049482104928333,0.2843953548234913,0.5255010661621753
High,25.832491525337176,0.40450768007370064,0.28395427646508276,0.5250610836823185
High,25.981076862350065,0.40406729698923777,0.2835114449539947,0.5246231490244808
High,26.129662199362958,0.40362706188206376,0.2830668652348183,0.5241872585293093
High,26.278247536375847,0.4031869753939436,0.28262054237187545,0.5237534084160118
High,26.426832873388737,0.40274703816578405,0.28217248154835695,0.5233215947832112
High,26.57541821040163,0.402307250837631,0.2817226880654344,0.5228918136098276
High,26.72400354741452,0.40186761404866533,0.28127116734134394,0.5224640607559867
High,26.872588884427408,0.4014281284371998,0.2808179249104473,0.5220383319639523
High,27.021174221440297,0.40098879464067594,0.2803629664222637,0.5216146228590882
High,27.169759558453187,0.40054961329565997,0.2799062976404778,0.5211929289508421
High,27.318344895466076,0.40011058503784036,0.2794479244419259,0.5207732456337548
High,27.466930232478965,0.3996717105020236,0.2789878528155533,0.5203555681884938
High,27.61551556949186,0.3992329903221311,0.27852608886135205,0.5199398917829101
High,27.764100906504748,0.3987944251311964,0.2780626387892754,0.5195262114731174
High,27.91268624351764,0.398356015561361,0.27759750891812707,0.519114522204595
High,28.06127158053053,0.39791776224387143,0.27713070567443315,0.5187048188133097
High,28.20985691754342,0.397479665809076,0.2766622355912882,0.5182970960268638
High,28.35844225455631,0.3970417268864216,0.2761921053071842,0.517891348465659
High,28.507027591569198,0.3966039461044496,0.2757203215648187,0.5174875706440806
High,28.655612928582087,0.39616632409079383,0.2752468912098821,0.5170857569717056
High,28.804198265594977,0.39572886147217645,0.27477182118982846,0.5166859017545244
High,28.95278360260787,0.3952915588744047,0.2742951185526261,0.5162879991961833
High,29.10136893962076,0.39485441692236795,0.27381679044549034,0.5158920433992455
High,29.24995427663365,0.39441743624003445,0.27333684411360337,0.5154980283664655
High,29.39853961364654,0.39398061745044793,0.2728552868988112,0.5151059480020846
High,29.54712495065943,0.3935439611757241,0.27237212623831186,0.5147157961131363
High,29.69571028767232,0.39310746803704855,0.2718873696633235,0.5143275664107736
High,29.84429562468521,0.392671138654672,0.27140102479774,0.513941252511604
High,29.9928809616981,0.3922349736479082,0.27091309935677227,0.5135568479390441
High,30.141466298710988,0.39179897363513055,0.2704236011455783,0.5131743461246828
High,30.29005163572388,0.3913631392337686,0.26993253805787804,0.5127937404096592
High,30.43863697273677,0.3909274710603052,0.2694399180745578,0.5124150240460525
High,30.587222309749663,0.3904919697302733,0.2689457492622643,0.5120381901982822
High,30.735807646762552,0.39005663585825273,0.26845003977198606,0.5116632319445195
High,30.88439298377544,0.389621470057867,0.2679527978376267,0.5112901422781073
High,31.03297832078833,0.38918647294178066,0.2674540317745684,0.5109189141089929
High,31.18156365780122,0.3887516451216954,0.2669537499782269,0.5105495402651639
High,31.33014899481411,0.38831698720834756,0.2664519609225976,0.5101820134940975
High,31.478734331827003,0.387882499811505,0.2659486731587964,0.5098163264642136
High,31.627319668839892,0.38744818353996396,0.2654438953135914,0.5094524717663366
High,31.77590500585278,0.3870140390015457,0.26493763608793014,0.5090904419151613
High,31.92449034286567,0.38658006680309376,0.2644299042554613,0.5087302293507262
High,32.073075679878556,0.3861462675504708,0.2639207086610499,0.5083718264398918
High,32.22166101689145,0.3857126418485561,0.2634100582192923,0.5080152254778199
High,32.37024635390434,0.3852791903012414,0.2628979619130222,0.5076604186894607
High,32.51883169091723,0.38484591351142916,0.262384428791817,0.5073073982310413
High,32.66741702793012,0.3844128120810287,0.26186946797050276,0.5069561561915547
High,32.81600236494302,0.3839798866109533,0.2613530886276533,0.5066066845942533
High,32.96458770195591,0.38354713770111776,0.26083530000409266,0.5062589753981428
High,33.113173038968796,0.38311456595043514,0.26031611140139405,0.5059130204994762
High,33.261758375981685,0.3826821719568134,0.2597955321803789,0.505568811733248
High,33.410343712994575,0.3822499563171533,0.2592735717596173,0.5052263408746893
High,33.558929050007464,0.38181791962734457,0.2587502396139303,0.5048855996407589
High,33.70751438702035,0.38138606248226364,0.25822554527289,0.5045465796916373
High,33.85609972403324,0.3809543854757708,0.2576994983193274,0.5042092726322143
High,34.00468506104613,0.3805228892007065,0.25717210838783855,0.5038736700135744
High,34.15327039805902,0.38009157424888934,0.25664338516329477,0.5035397633344839
High,34.30185573507191,0.37966044121111286,0.25611333837935774,0.503207544042868
High,34.4504410720848,0.3792294906771428,0.2555819778169985,0.502877003537287
High,34.59902640909769,0.37879872323571373,0.2550493133030196,0.5025481331684079
High,34.74761174611058,0.37836813947452697,0.25451535470858394,0.50222092424047
High,34.896197083123475,0.3779377399802474,0.2539801119477491,0.5018953680127456
High,35.044782420136364,0.3775075253385006,0.25344359497600766,0.5015714557009936
High,35.193367757149254,0.3770774961338701,0.2529058137888319,0.5012491784789083
High,35.34195309416214,0.37664765294989483,0.2523667784202307,0.500928527479559
High,35.49053843117504,0.3762179963690657,0.2518264989413065,0.500609493796825
High,35.63912376818793,0.3757885269728237,0.2512849854588278,0.5002920684868196
High,35.78770910520082,0.3753592453415566,0.25074224811380375,0.4999762425693095
High,35.93629444221371,0.3749301520545962,0.25019829708007013,0.4996620070291222
High,36.0848797792266,0.3745012476902156,0.24965314256288396,0.4993493528175472
High,36.233465116239486,0.3740725328256271,0.24910679479752848,0.49903827085372565
High,36.382050453252376,0.37364400803697834,0.24855926404792436,0.4987287520260323
High,36.530635790265265,0.37321567389935073,0.24801056060525514,0.4984207871934463
High,36.679221127278154,0.37278753098675627,0.24746069478660127,0.49811436718691127
High,36.827806464291044,0.3723595798721346,0.24690967693358346,0.4978094828106857
High,36.97639180130393,0.3719318211273509,0.24635751741101933,0.4975061248436825
High,37.12497713831682,0.37150425532319287,0.24580422660559087,0.49720428404079486
High,37.27356247532971,0.3710768830293685,0.24524981492452208,0.49690395113421487
High,37.4221478123426,0.3706497048145027,0.24469429279427055,0.49660511683473485
High,37.5707331493555,0.37022272124613537,0.24413767065922898,0.49630777183304176
High,37.71931848636839,0.36979593289071866,0.2435799589804415,0.4960119068009958
High,37.867903823381276,0.3693693403136143,0.24302116823433045,0.49571751239289813
High,38.016489160394165,0.3689429440790908,0.24246130891143805,0.49542457924674355
High,38.165074497407055,0.36851674475032137,0.24190039151518022,0.4951330979854625
High,38.31365983441995,0.368090742889381,0.24133842656061183,0.49484305921815014
High,38.46224517143284,0.367664939057244,0.24077542457321013,0.4945544535412779
High,38.61083050844573,0.36723933381378165,0.24021139608766678,0.4942672715398965
High,38.75941584545862,0.3668139277177593,0.2396463516466986,0.49398150378882
High,38.90800118247151,0.3663887213268343,0.23908030179986606,0.49369714085380256
High,39.0565865194844,0.3659637151975534,0.23851325710241542,0.4934141732926913
High,39.20517185649729,0.3655389098853498,0.2379452281141244,0.4931325916565752
High,39.35375719351018,0.3651143059445417,0.23737622539817071,0.4928523864909127
High,39.502342530523066,0.3646899039283285,0.2368062595200112,0.4925735483366458
High,39.650927867535955,0.3642657043887897,0.23623534104627672,0.49229606773130263
High,39.799513204548845,0.3638417078768814,0.23566348054368222,0.4920199352100806
High,39.948098541561734,0.3634179149424346,0.23509068857795126,0.49174514130691793
High,40.09668387857462,0.36299432613415245,0.23451697571275587,0.491471676555549
High,40.24526921558752,0.36257094199960793,0.2339423525086719,0.49119953149054396
High,40.39385455260041,0.36214776308524144,0.23336682952214743,0.49092869664833544
High,40.5424398896133,0.3617247899363586,0.2327904173044915,0.4906591625682257
High,40.69102522662619,0.36130202309712756,0.232213126400871,0.4903909197933841
High,40.83961056363908,0.360879463110577,0.2316349673493294,0.4901239588718246
High,40.988195900651974,0.36045711051859364,0.23105595067981707,0.4898582703573702
High,41.13678123766486,0.36003496586191996,0.2304760869132393,0.48959384481060064
High,41.28536657467775,0.35961302968015185,0.22989538656051806,0.48933067279978565
High,41.43395191169064,0.3591913025117363,0.22931386012166893,0.4890687449018037
High,41.58253724870353,0.3587697848939691,0.22873151808489628,0.4888080517030419
High,41.73112258571642,0.358348477362993,0.22814837092570087,0.4885485838002852
High,41.87970792272931,0.3579273804537946,0.2275644291060046,0.48829033180158454
High,42.0282932597422,0.35750649470020296,0.22697970307329077,0.4880332863271152
High,42.17687859675509,0.3570858206348867,0.22639420325975776,0.4877774380100156
High,42.32546393376798,0.35666535878935235,0.22580794008149147,0.48752277749721323
High,42.47404927078087,0.35624510969394185,0.22522092393764964,0.48726929545023406
High,42.622634607793756,0.3558250738778302,0.22463316520966436,0.487016982545996
High,42.771219944806646,0.3554052518690236,0.22404467426045746,0.48676582947758973
High,42.919805281819535,0.3549856441943572,0.22345546143367362,0.48651582695504075
High,43.06839061883243,0.3545662513794927,0.22286553705292597,0.48626696570605943
High,43.21697595584532,0.35414707394891665,0.22227491142105854,0.48601923647677475
High,43.36556129285821,0.35372811242593805,0.2216835948194235,0.4857726300324526
High,43.5141466298711,0.35330936733268586,0.22109159750717366,0.48552713715819806
High,43.662731966883996,0.35289083919010783,0.22049892972056614,0.4852827486596495
High,43.811317303896885,0.35247252851796756,0.2199056016722896,0.48503945536364557
High,43.959902640909775,0.3520544358348428,0.2193116235507948,0.4847972481188908
High,44.108487977922664,0.35163656165812335,0.21871700551964893,0.4845561177965978
High,44.25707331493555,0.3512189065040088,0.21812175771690015,0.48431605529111743
High,44.40565865194844,0.3508014708875069,0.21752589025445607,0.48407705152055774
High,44.55424398896133,0.3503842553224313,0.21692941321747966,0.4838390974273829
High,44.70282932597422,0.34996726032139913,0.21633233666379648,0.4836021839790018
High,44.85141466298711,0.3495504863958298,0.21573467062331608,0.48336630216834353
High,45.0,0.34913393405594245,0.21513642509746936,0.4831314430144156
